m_sequence,r_nuc,pdb_r_pos,r_type,pdb_r_bp_type,pdb_r_pair,no_of_conformations,no_of_interactions,pdb_name,,,
AAAC_GCU,A,3,WC,cWW,A-U,1,1,TWOWAY.6NY2.1-2.GCU-AAAC.0.pdb,,,
AAAC_GCU,A,4,NON-WC,lone_flipped_in,-,0,0,TWOWAY.6NY2.1-2.GCU-AAAC.0.pdb,,,
AAAC_GCU,A,5,NON-WC,cWW_p,A-C,1,1,TWOWAY.6NY2.1-2.GCU-AAAC.0.pdb,,,
AAAC_GCU,C,12,NON-WC,cWW_p,C-A,1,1,TWOWAY.6NY2.1-2.GCU-AAAC.0.pdb,,,
AAAC_GCU,C,6,WC,cWW,C-G,1,1,TWOWAY.6NY2.1-2.GCU-AAAC.0.pdb,,,
AAACG_CUAU,A,14,NON-WC,tSH,A-A,1,1,TWOWAY.1NJP.2-3.CUAU-AAACG.0.pdb,,,
AAACG_CUAU,A,3,WC,cWW,A-U,1,1,TWOWAY.1NJP.2-3.CUAU-AAACG.0.pdb,,,
AAACG_CUAU,A,4,NON-WC,tSH,A-A,1,1,TWOWAY.1NJP.2-3.CUAU-AAACG.0.pdb,,,
AAACG_CUAU,A,5,NON-WC,cWH,A-U,1,1,TWOWAY.1NJP.2-3.CUAU-AAACG.0.pdb,,,
AAACG_CUAU,C,12,WC,cWW,C-G,1,1,TWOWAY.1NJP.2-3.CUAU-AAACG.0.pdb,,,
AAACG_CUAU,C,6,NON-WC,lone_flipped_out,-,0,0,TWOWAY.1NJP.2-3.CUAU-AAACG.0.pdb,,,
AAACG_CUAU,A,14,NON-WC,tSH,A-A,1,1,TWOWAY.4IOA.2-3.CUAU-AAACG.0.pdb,,,
AAACG_CUAU,A,3,WC,cWW,A-U,1,1,TWOWAY.4IOA.2-3.CUAU-AAACG.0.pdb,,,
AAACG_CUAU,A,4,NON-WC,tSH,A-A,1,1,TWOWAY.4IOA.2-3.CUAU-AAACG.0.pdb,,,
AAACG_CUAU,A,5,NON-WC,cWH,A-U,1,1,TWOWAY.4IOA.2-3.CUAU-AAACG.0.pdb,,,
AAACG_CUAU,C,12,WC,cWW,C-G,1,1,TWOWAY.4IOA.2-3.CUAU-AAACG.0.pdb,,,
AAACG_CUAU,C,6,NON-WC,lone_flipped_out,-,0,0,TWOWAY.4IOA.2-3.CUAU-AAACG.0.pdb,,,
AAAG_CGAU,A,3,WC,cWW,A-U,1,1,TWOWAY.5O5J.2-2.AAAG-CGAU.0.pdb,,,
AAAG_CGAU,A,4,NON-WC,tSH,A-A,1,1,TWOWAY.5O5J.2-2.AAAG-CGAU.0.pdb,,,
AAAG_CGAU,A,5,NON-WC,tSH,A-G,1,1,TWOWAY.5O5J.2-2.AAAG-CGAU.0.pdb,,,
AAAG_CGAU,A,13,NON-WC,tSH,A-A,1,1,TWOWAY.5O5J.2-2.AAAG-CGAU.0.pdb,,,
AAAG_CGAU,C,11,WC,cWW,C-G,1,1,TWOWAY.5O5J.2-2.AAAG-CGAU.0.pdb,,,
AAAGG_UACU,A,3,WC,cWW,A-U,1,2,TWOWAY.5O5J.3-2.AAAGG-UACU.0.pdb,,,
AAAGG_UACU,A,3,WC,cSH,A-A,1,2,TWOWAY.5O5J.3-2.AAAGG-UACU.0.pdb,,,
AAAGG_UACU,A,4,NON-WC,cSH,A-A,1,1,TWOWAY.5O5J.3-2.AAAGG-UACU.0.pdb,,,
AAAGG_UACU,A,5,NON-WC,tHH,A-U,1,1,TWOWAY.5O5J.3-2.AAAGG-UACU.0.pdb,,,
AAAGG_UACU,A,13,NON-WC,cSH,A-C,1,1,TWOWAY.5O5J.3-2.AAAGG-UACU.0.pdb,,,
AAAGG_UACU,C,14,NON-WC,cWW,C-G,1,2,TWOWAY.5O5J.3-2.AAAGG-UACU.0.pdb,,,
AAAGG_UACU,C,14,NON-WC,cSH,C-A,1,2,TWOWAY.5O5J.3-2.AAAGG-UACU.0.pdb,,,
AAC_GAU,A,3,WC,cWW,A-U,1,1,TWOWAY.7LMA.1-1.GAU-AAC.0.pdb,,,
AAC_GAU,A,4,NON-WC,cWW,A-A,1,1,TWOWAY.7LMA.1-1.GAU-AAC.0.pdb,,,
AAC_GAU,A,11,NON-WC,cWW,A-A,1,1,TWOWAY.7LMA.1-1.GAU-AAC.0.pdb,,,
AAC_GAU,C,5,WC,cWW,C-G,1,1,TWOWAY.7LMA.1-1.GAU-AAC.0.pdb,,,
AAC_GCU,A,3,WC,cWW,A-U,1,1,TWOWAY.5XXU.1-1.GCU-AAC.0.pdb,,,
AAC_GCU,A,4,NON-WC,cWW,A-C,1,1,TWOWAY.5XXU.1-1.GCU-AAC.0.pdb,,,
AAC_GCU,C,5,WC,cWW,C-G,1,1,TWOWAY.5XXU.1-1.GCU-AAC.0.pdb,,,
AAC_GCU,C,11,NON-WC,cWW,C-A,1,1,TWOWAY.5XXU.1-1.GCU-AAC.0.pdb,,,
AAC_GCU,A,3,WC,cWW,A-U,1,1,TWOWAY.7JQC.1-1.AAC-GCU.0.pdb,,,
AAC_GCU,A,4,NON-WC,cWW,A-C,1,1,TWOWAY.7JQC.1-1.AAC-GCU.0.pdb,,,
AAC_GCU,C,5,WC,cWW,C-G,1,1,TWOWAY.7JQC.1-1.AAC-GCU.0.pdb,,,
AAC_GCU,C,11,NON-WC,cWW,C-A,1,2,TWOWAY.7JQC.1-1.AAC-GCU.0.pdb,,,
AAG_CAU,A,11,NON-WC,cWH,A-A,1,2,NWAY.3HOY.1-0-0-0.AAG-DA-DC-DT.0.pdb,,,
AAG_CAU,A,3,WC,cWW,A-U,1,1,NWAY.3HOY.1-0-0-0.AAG-DA-DC-DT.0.pdb,,,
AAG_CAU,A,4,NON-WC,cWH,A-A,1,1,NWAY.3HOY.1-0-0-0.AAG-DA-DC-DT.0.pdb,,,
AAG_CAU,C,10,WC,cWW,C-G,1,1,NWAY.3HOY.1-0-0-0.AAG-DA-DC-DT.0.pdb,,,
AAG_CU,A,3,WC,cWW,A-U,1,1,TWOWAY.4ANG.0-1.CU-AAG.0.pdb,,,
AAG_CU,A,4,NON-WC,lone_flipped_out,-,0,0,TWOWAY.4ANG.0-1.CU-AAG.0.pdb,,,
AAG_CU,C,10,WC,cWW,C-G,1,1,TWOWAY.4ANG.0-1.CU-AAG.0.pdb,,,
AAG_CU,A,3,WC,cWW,A-U,1,1,TWOWAY.5VSU.0-1.CU-AAG.0.pdb,,,
AAG_CU,A,4,NON-WC,lone_flipped_in,-,0,0,TWOWAY.5VSU.0-1.CU-AAG.0.pdb,,,
AAG_CU,C,10,WC,cWW,C-G,1,1,TWOWAY.5VSU.0-1.CU-AAG.0.pdb,,,
AAGCAG_UCAGGU,A,3,WC,cWW,A-U,1,1,TWOWAY.1LNT.4-4.UCAGGU-AAGCAG.0.pdb,,,
AAGCAG_UCAGGU,A,4,NON-WC,cWW,A-G,1,1,TWOWAY.1LNT.4-4.UCAGGU-AAGCAG.0.pdb,,,
AAGCAG_UCAGGU,A,7,NON-WC,tSH,A-C,1,1,TWOWAY.1LNT.4-4.UCAGGU-AAGCAG.0.pdb,,,
AAGCAG_UCAGGU,A,15,NON-WC,tWH,A-C,1,1,TWOWAY.1LNT.4-4.UCAGGU-AAGCAG.0.pdb,,,
AAGCAG_UCAGGU,C,6,NON-WC,tWH,C-A,1,1,TWOWAY.1LNT.4-4.UCAGGU-AAGCAG.0.pdb,,,
AAGCAG_UCAGGU,C,14,NON-WC,tSH,C-A,1,1,TWOWAY.1LNT.4-4.UCAGGU-AAGCAG.0.pdb,,,
AAGGAA_UGU,A,3,WC,cWW,A-U,1,1,NWAY.6E8U.0-1-2.AA-UGU-AAGG.0.pdb,,,
AAGGAA_UGU,A,4,NON-WC,cWW,A-G,1,1,NWAY.6E8U.0-1-2.AA-UGU-AAGG.0.pdb,,,
AAGGAA_UGU,A,7,NON-WC,lone_flipped_out,-,0,0,NWAY.6E8U.0-1-2.AA-UGU-AAGG.0.pdb,,,
AAGGAA_UGU,A,8,WC,cWW,A-U,1,1,NWAY.6E8U.0-1-2.AA-UGU-AAGG.0.pdb,,,
AAU_ACU,A,3,WC,cWW,A-U,1,1,TWOWAY.1Z7F.1-1.AAU-ACU.0.pdb,,,
AAU_ACU,A,4,NON-WC,cWW,A-C,1,1,TWOWAY.1Z7F.1-1.AAU-ACU.0.pdb,,,
AAU_ACU,A,10,WC,cWW,A-U,1,1,TWOWAY.1Z7F.1-1.AAU-ACU.0.pdb,,,
AAU_ACU,C,11,NON-WC,cWW,C-A,1,1,TWOWAY.1Z7F.1-1.AAU-ACU.0.pdb,,,
AAU_ACU,A,3,WC,cWW,A-U,1,1,TWOWAY.1Z7F.1-1.ACU-AAU.0.pdb,,,
AAU_ACU,A,4,NON-WC,cWW,A-C,1,1,TWOWAY.1Z7F.1-1.ACU-AAU.0.pdb,,,
AAU_ACU,A,10,WC,cWW,A-U,1,1,TWOWAY.1Z7F.1-1.ACU-AAU.0.pdb,,,
AAU_ACU,C,11,NON-WC,cWW,C-A,1,1,TWOWAY.1Z7F.1-1.ACU-AAU.0.pdb,,,
AAU_ACU,A,3,WC,cWW,A-U,1,1,TWOWAY.5CCB.1-1.ACU-AAU.0.pdb,,,
AAU_ACU,A,4,NON-WC,cWW,A-C,1,1,TWOWAY.5CCB.1-1.ACU-AAU.0.pdb,,,
AAU_ACU,A,10,WC,cWW,A-U,1,1,TWOWAY.5CCB.1-1.ACU-AAU.0.pdb,,,
AAU_ACU,C,11,NON-WC,cWW,C-A,1,1,TWOWAY.5CCB.1-1.ACU-AAU.0.pdb,,,
AAU_ACU,A,3,WC,cWW,A-U,1,1,TWOWAY.5D0B.1-1.ACU-AAU.0.pdb,,,
AAU_ACU,A,4,NON-WC,cWW,A-C,1,1,TWOWAY.5D0B.1-1.ACU-AAU.0.pdb,,,
AAU_ACU,A,10,WC,cWW,A-U,1,1,TWOWAY.5D0B.1-1.ACU-AAU.0.pdb,,,
AAU_ACU,C,11,NON-WC,cWW,C-A,1,1,TWOWAY.5D0B.1-1.ACU-AAU.0.pdb,,,
AAU_AGU,A,3,WC,cWW,A-U,1,1,TWOWAY.2H1M.1-1.AAU-AGU.0.pdb,,,
AAU_AGU,A,4,NON-WC,cWH,A-G,2,1,TWOWAY.2H1M.1-1.AAU-AGU.0.pdb,,,
AAU_AGU,A,10,WC,cWW,A-U,1,1,TWOWAY.2H1M.1-1.AAU-AGU.0.pdb,,,
AAU_AGU,A,3,WC,cWW,A-U,1,1,TWOWAY.2H1M.1-1.AGU-AAU.0.pdb,,,
AAU_AGU,A,4,NON-WC,cWH,A-G,2,1,TWOWAY.2H1M.1-1.AGU-AAU.0.pdb,,,
AAU_AGU,A,10,WC,cWW,A-U,1,1,TWOWAY.2H1M.1-1.AGU-AAU.0.pdb,,,
AAU_AGU,A,3,WC,cWW,A-U,1,1,TWOWAY.5XYI.1-1.AGU-AAU.0.pdb,,,
AAU_AGU,A,4,NON-WC,cWW,A-G,2,1,TWOWAY.5XYI.1-1.AGU-AAU.0.pdb,,,
AAU_AGU,A,10,WC,cWW,A-U,1,1,TWOWAY.5XYI.1-1.AGU-AAU.0.pdb,,,
AAU_AGU,A,3,WC,cWW,A-U,1,1,TWOWAY.7LMA.1-1.AAU-AGU.0.pdb,,,
AAU_AGU,A,4,NON-WC,cWH,A-G,2,1,TWOWAY.7LMA.1-1.AAU-AGU.0.pdb,,,
AAU_AGU,A,10,WC,cWW,A-U,1,1,TWOWAY.7LMA.1-1.AAU-AGU.0.pdb,,,
AAU_GAU,A,3,WC,cWW,A-U,1,1,TWOWAY.6SWD.1-1.GAU-AAU.0.pdb,,,
AAU_GAU,A,4,NON-WC,cWW,A-A,1,1,TWOWAY.6SWD.1-1.GAU-AAU.0.pdb,,,
AAU_GAU,A,11,NON-WC,cWW,A-A,1,1,TWOWAY.6SWD.1-1.GAU-AAU.0.pdb,,,
AAUA_UUCU,C,13,NON-WC,tWS,C-U,1,1,TWOWAY.6ZVI.2-2.AAUA-UUCU.0.pdb,,,
AAUA_UUCU,A,3,WC,cWW,A-U,1,1,TWOWAY.6ZVI.2-2.AAUA-UUCU.0.pdb,,,
AAUA_UUCU,A,4,NON-WC,lone_flipped_out,-,0,0,TWOWAY.6ZVI.2-2.AAUA-UUCU.0.pdb,,,
AAUA_UUCU,A,6,WC,cWW,A-U,1,1,TWOWAY.6ZVI.2-2.AAUA-UUCU.0.pdb,,,
AAUCU_ACU,A,3,WC,cWW,A-U,1,1,TWOWAY.7EL1.1-3.ACU-AAUCU.0.pdb,,,
AAUCU_ACU,A,4,NON-WC,cWW,A-C,1,2,TWOWAY.7EL1.1-3.ACU-AAUCU.0.pdb,,,
AAUCU_ACU,A,4,NON-WC,cWW,C-C,1,2,TWOWAY.7EL1.1-3.ACU-AAUCU.0.pdb,,,
AAUCU_ACU,A,12,WC,cWW,A-U,1,1,TWOWAY.7EL1.1-3.ACU-AAUCU.0.pdb,,,
AAUCU_ACU,C,6,NON-WC,cWW,C-C,1,1,TWOWAY.7EL1.1-3.ACU-AAUCU.0.pdb,,,
AAUCU_ACU,C,13,NON-WC,cWW,C-A,1,1,TWOWAY.7EL1.1-3.ACU-AAUCU.0.pdb,,,
ACA_UAU,A,3,WC,cWW,A-U,1,1,TWOWAY.1NJP.1-1.ACA-UAU.0.pdb,,,
ACA_UAU,A,5,WC,cWW,A-U,1,1,TWOWAY.1NJP.1-1.ACA-UAU.0.pdb,,,
ACA_UAU,A,11,NON-WC,lone_flipped_in,-,0,0,TWOWAY.1NJP.1-1.ACA-UAU.0.pdb,,,
ACA_UAU,C,4,NON-WC,lone_flipped_in,-,0,0,TWOWAY.1NJP.1-1.ACA-UAU.0.pdb,,,
ACA_UUU,A,3,WC,cWW,A-U,1,1,TWOWAY.5XYI.1-1.ACA-UUU.0.pdb,,,
ACA_UUU,A,5,WC,cWW,A-U,1,1,TWOWAY.5XYI.1-1.ACA-UUU.0.pdb,,,
ACA_UUU,C,4,NON-WC,cWW,C-U,1,1,TWOWAY.5XYI.1-1.ACA-UUU.0.pdb,,,
ACAUG_CU,A,3,WC,cWW,A-U,1,1,TWOWAY.1NJP.0-3.CU-ACAUG.0.pdb,,,
ACAUG_CU,A,5,NON-WC,lone_flipped_out,-,0,0,TWOWAY.1NJP.0-3.CU-ACAUG.0.pdb,,,
ACAUG_CU,C,4,NON-WC,lone_flipped_out,-,0,0,TWOWAY.1NJP.0-3.CU-ACAUG.0.pdb,,,
ACAUG_CU,C,12,WC,cWW,C-G,1,1,TWOWAY.1NJP.0-3.CU-ACAUG.0.pdb,,,
ACC_GAU,A,3,WC,cWW,A-U,1,1,TWOWAY.1TFW.1-1.ACC-GAU.0.pdb,,,
ACC_GAU,A,11,NON-WC,cWW,A-C,1,1,TWOWAY.1TFW.1-1.ACC-GAU.0.pdb,,,
ACC_GAU,C,4,NON-WC,cWW,C-A,1,1,TWOWAY.1TFW.1-1.ACC-GAU.0.pdb,,,
ACC_GAU,C,5,WC,cWW,C-G,1,1,TWOWAY.1TFW.1-1.ACC-GAU.0.pdb,,,
ACCC_GACU,A,3,WC,cWW,A-U,1,1,NWAY.3WBM.6.ACCCGACU.0.pdb,,,
ACCC_GACU,C,4,NON-WC,cWW,C-C,1,1,NWAY.3WBM.6.ACCCGACU.0.pdb,,,
ACCC_GACU,C,5,NON-WC,cWW,C-A,1,1,NWAY.3WBM.6.ACCCGACU.0.pdb,,,
ACCC_GACU,C,6,WC,cWW,C-G,1,1,NWAY.3WBM.6.ACCCGACU.0.pdb,,,
ACCC_GACU,A,12,NON-WC,cWW,A-C,1,1,NWAY.3WBM.6.ACCCGACU.0.pdb,,,
ACCC_GACU,C,13,NON-WC,cWW,C-C,1,1,NWAY.3WBM.6.ACCCGACU.0.pdb,,,
ACCC_GACU,A,3,WC,cWW,A-U,1,1,TWOWAY.3WBM.2-2.GACU-ACCC.0.pdb,,,
ACCC_GACU,C,4,NON-WC,cWW,C-C,1,1,TWOWAY.3WBM.2-2.GACU-ACCC.0.pdb,,,
ACCC_GACU,C,5,NON-WC,cWW,C-A,1,1,TWOWAY.3WBM.2-2.GACU-ACCC.0.pdb,,,
ACCC_GACU,C,6,WC,cWW,C-G,1,1,TWOWAY.3WBM.2-2.GACU-ACCC.0.pdb,,,
ACCC_GACU,A,12,NON-WC,cWW,A-C,1,1,TWOWAY.3WBM.2-2.GACU-ACCC.0.pdb,,,
ACCC_GACU,C,13,NON-WC,cWW,C-C,1,1,TWOWAY.3WBM.2-2.GACU-ACCC.0.pdb,,,
ACCGAA_UGUU,A,3,WC,cWW,A-U,1,1,TWOWAY.5XXU.2-4.UGUU-ACCGAA.0.pdb,,,
ACCGAA_UGUU,A,7,NON-WC,lone_flipped_out,-,0,0,TWOWAY.5XXU.2-4.UGUU-ACCGAA.0.pdb,,,
ACCGAA_UGUU,A,8,WC,cWW,A-U,1,2,TWOWAY.5XXU.2-4.UGUU-ACCGAA.0.pdb,,,
ACCGAA_UGUU,A,8,WC,cSH,A-G,1,2,TWOWAY.5XXU.2-4.UGUU-ACCGAA.0.pdb,,,
ACCGAA_UGUU,C,4,NON-WC,cWW,C-U,1,1,TWOWAY.5XXU.2-4.UGUU-ACCGAA.0.pdb,,,
ACCGAA_UGUU,C,5,NON-WC,cWW,C-G,1,1,TWOWAY.5XXU.2-4.UGUU-ACCGAA.0.pdb,,,
ACG_CAU,A,3,WC,cWW,A-U,1,1,TWOWAY.4M4O.1-1.ACG-CAU.0.pdb,,,
ACG_CAU,A,11,NON-WC,cWW,A-C,1,1,TWOWAY.4M4O.1-1.ACG-CAU.0.pdb,,,
ACG_CAU,C,4,NON-WC,cWW,C-A,1,1,TWOWAY.4M4O.1-1.ACG-CAU.0.pdb,,,
ACG_CAU,C,10,WC,cWW,C-G,1,1,TWOWAY.4M4O.1-1.ACG-CAU.0.pdb,,,
ACG_CCU,A,3,WC,cWW,A-U,1,1,TWOWAY.4YHW.1-1.ACG-CCU.0.pdb,,,
ACG_CCU,C,10,WC,cWW,C-G,1,1,TWOWAY.4YHW.1-1.ACG-CCU.0.pdb,,,
ACG_CCU,C,11,NON-WC,cWW,C-C,1,1,TWOWAY.4YHW.1-1.ACG-CCU.0.pdb,,,
ACG_CCU,C,4,NON-WC,cWW,C-C,1,1,TWOWAY.4YHW.1-1.ACG-CCU.0.pdb,,,
ACG_CCU,A,3,WC,cWW,A-U,1,1,TWOWAY.7JQC.1-1.CCU-ACG.0.pdb,,,
ACG_CCU,C,10,WC,cWW,C-G,1,1,TWOWAY.7JQC.1-1.CCU-ACG.0.pdb,,,
ACG_CCU,C,11,NON-WC,cWW,C-C,1,1,TWOWAY.7JQC.1-1.CCU-ACG.0.pdb,,,
ACG_CCU,C,4,NON-WC,cWW,C-C,1,1,TWOWAY.7JQC.1-1.CCU-ACG.0.pdb,,,
ACG_CU,A,3,WC,cWW,A-U,1,1,TWOWAY.6N7R.0-1.CU-ACG.0.pdb,,,
ACG_CU,C,10,WC,cWW,C-G,1,1,TWOWAY.6N7R.0-1.CU-ACG.0.pdb,,,
ACG_CU,C,4,NON-WC,lone_flipped_out,-,0,0,TWOWAY.6N7R.0-1.CU-ACG.0.pdb,,,
ACGAAU_ACUAU,A,13,WC,cWW,A-U,1,1,TWOWAY.6YSI.4-3.ACGAAU-ACUAU.0.pdb,,,
ACGAAU_ACUAU,A,16,NON-WC,cWW,A-C,1,1,TWOWAY.6YSI.4-3.ACGAAU-ACUAU.0.pdb,,,
ACGAAU_ACUAU,A,3,WC,cWW,A-U,1,1,TWOWAY.6YSI.4-3.ACGAAU-ACUAU.0.pdb,,,
ACGAAU_ACUAU,A,6,NON-WC,lone,-,0,0,TWOWAY.6YSI.4-3.ACGAAU-ACUAU.0.pdb,,,
ACGAAU_ACUAU,A,7,NON-WC,cWH,A-U,1,1,TWOWAY.6YSI.4-3.ACGAAU-ACUAU.0.pdb,,,
ACGAAU_ACUAU,C,14,NON-WC,lone,-,0,0,TWOWAY.6YSI.4-3.ACGAAU-ACUAU.0.pdb,,,
ACGAAU_ACUAU,C,4,NON-WC,cWW,C-A,1,1,TWOWAY.6YSI.4-3.ACGAAU-ACUAU.0.pdb,,,
ACGG_UU,A,3,WC,cWW,A-U,1,1,TWOWAY.5XYM.0-2.UU-ACGG.0.pdb,,,
ACGG_UU,C,4,NON-WC,lone_flipped_out,-,0,0,TWOWAY.5XYM.0-2.UU-ACGG.0.pdb,,,
ACU_ACU,A,3,WC,cWW,A-U,1,1,NWAY.5AY2.-1-0-1.U-AC-ACU.0.pdb,,,
ACU_ACU,A,10,WC,cWW,A-U,1,1,NWAY.5AY2.-1-0-1.U-AC-ACU.0.pdb,,,
ACU_ACU,C,4,NON-WC,cWW,C-C,1,1,NWAY.5AY2.-1-0-1.U-AC-ACU.0.pdb,,,
ACU_ACU,C,11,NON-WC,cWW,C-C,1,1,NWAY.5AY2.-1-0-1.U-AC-ACU.0.pdb,,,
ACU_ACU,A,3,WC,cWW,A-U,1,1,NWAY.5AY2.1--1-0.ACU-U-AC.0.pdb,,,
ACU_ACU,A,10,WC,cWW,A-U,1,1,NWAY.5AY2.1--1-0.ACU-U-AC.0.pdb,,,
ACU_ACU,C,4,NON-WC,cWW,C-C,1,1,NWAY.5AY2.1--1-0.ACU-U-AC.0.pdb,,,
ACU_ACU,C,11,NON-WC,cWW,C-C,1,1,NWAY.5AY2.1--1-0.ACU-U-AC.0.pdb,,,
ACU_ACU,A,3,WC,cWW,A-U,1,1,TWOWAY.1YZ9.1-1.ACU-ACU.0.pdb,,,
ACU_ACU,A,10,WC,cWW,A-U,1,1,TWOWAY.1YZ9.1-1.ACU-ACU.0.pdb,,,
ACU_ACU,C,4,NON-WC,cWW,C-C,1,1,TWOWAY.1YZ9.1-1.ACU-ACU.0.pdb,,,
ACU_ACU,C,11,NON-WC,cWW,C-C,1,1,TWOWAY.1YZ9.1-1.ACU-ACU.0.pdb,,,
ACU_AU,A,3,WC,cWW,A-U,1,1,TWOWAY.6ZDP.0-1.AU-ACU.0.pdb,,,
ACU_AU,A,10,WC,cWW,A-U,1,1,TWOWAY.6ZDP.0-1.AU-ACU.0.pdb,,,
ACU_AU,C,4,NON-WC,lone_flipped_out,-,0,0,TWOWAY.6ZDP.0-1.AU-ACU.0.pdb,,,
ACU_AUU,A,10,WC,cWW,A-U,1,1,TWOWAY.6QKL.1-1.AUU-ACU.0.pdb,,,
ACU_AUU,A,3,WC,cWW,A-U,1,1,TWOWAY.6QKL.1-1.AUU-ACU.0.pdb,,,
ACU_AUU,C,4,NON-WC,cWW,C-U,1,1,TWOWAY.6QKL.1-1.AUU-ACU.0.pdb,,,
ACUAG_CAU,A,13,NON-WC,cWW,A-U,1,1,TWOWAY.7KGA.1-3.CAU-ACUAG.0.pdb,,,
ACUAG_CAU,A,3,WC,cWW,A-U,1,1,TWOWAY.7KGA.1-3.CAU-ACUAG.0.pdb,,,
ACUAG_CAU,A,6,NON-WC,lone_flipped_out,-,0,0,TWOWAY.7KGA.1-3.CAU-ACUAG.0.pdb,,,
ACUAG_CAU,C,12,WC,cWW,C-G,1,1,TWOWAY.7KGA.1-3.CAU-ACUAG.0.pdb,,,
ACUAG_CAU,C,4,NON-WC,lone_flipped_in,-,0,0,TWOWAY.7KGA.1-3.CAU-ACUAG.0.pdb,,,
ACUG_UU,A,3,WC,cWW,A-U,1,1,TWOWAY.6YS3.0-2.UU-ACUG.0.pdb,,,
ACUG_UU,C,4,NON-WC,lone_flipped_out,-,0,0,TWOWAY.6YS3.0-2.UU-ACUG.0.pdb,,,
AGAAA_UAAU,A,3,WC,cWW,A-U,1,1,TWOWAY.6QKL.2-3.UAAU-AGAAA.0.pdb,,,
AGAAA_UAAU,A,5,NON-WC,tSH,A-A,1,1,TWOWAY.6QKL.2-3.UAAU-AGAAA.0.pdb,,,
AGAAA_UAAU,A,6,NON-WC,lone_flipped_out,-,0,0,TWOWAY.6QKL.2-3.UAAU-AGAAA.0.pdb,,,
AGAAA_UAAU,A,7,WC,cWW,A-U,1,1,TWOWAY.6QKL.2-3.UAAU-AGAAA.0.pdb,,,
AGAAA_UAAU,A,13,NON-WC,tSH,A-A,1,1,TWOWAY.6QKL.2-3.UAAU-AGAAA.0.pdb,,,
AGAAA_UAAU,A,14,NON-WC,tSH,A-G,1,1,TWOWAY.6QKL.2-3.UAAU-AGAAA.0.pdb,,,
AGAAG_CGGAU,A,15,NON-WC,tSH,A-G,1,1,TWOWAY.7JQC.3-3.CGGAU-AGAAG.0.pdb,,,
AGAAG_CGGAU,A,3,WC,cWW,A-U,1,1,TWOWAY.7JQC.3-3.CGGAU-AGAAG.0.pdb,,,
AGAAG_CGGAU,A,5,NON-WC,tSH,A-G,1,1,TWOWAY.7JQC.3-3.CGGAU-AGAAG.0.pdb,,,
AGAAG_CGGAU,A,6,NON-WC,tSH,A-G,1,1,TWOWAY.7JQC.3-3.CGGAU-AGAAG.0.pdb,,,
AGAAG_CGGAU,C,12,WC,cWW,C-G,1,1,TWOWAY.7JQC.3-3.CGGAU-AGAAG.0.pdb,,,
AGC_GAU,A,3,WC,cWW,A-U,1,1,TWOWAY.5XYM.1-1.AGC-GAU.0.pdb,,,
AGC_GAU,A,11,NON-WC,cWS,A-G,1,1,TWOWAY.5XYM.1-1.AGC-GAU.0.pdb,,,
AGC_GAU,C,5,WC,cWW,C-G,1,1,TWOWAY.5XYM.1-1.AGC-GAU.0.pdb,,,
AGGACC_GAGAAU,A,3,WC,cWW,A-U,1,1,TWOWAY.5XYM.4-4.AGGACC-GAGAAU.0.pdb,,,
AGGACC_GAGAAU,A,6,NON-WC,tSS,A-G,1,1,TWOWAY.5XYM.4-4.AGGACC-GAGAAU.0.pdb,,,
AGGACC_GAGAAU,A,14,NON-WC,cWW,A-C,1,1,TWOWAY.5XYM.4-4.AGGACC-GAGAAU.0.pdb,,,
AGGACC_GAGAAU,A,16,NON-WC,tSH,A-G,1,1,TWOWAY.5XYM.4-4.AGGACC-GAGAAU.0.pdb,,,
AGGACC_GAGAAU,A,17,NON-WC,tSH,A-G,1,1,TWOWAY.5XYM.4-4.AGGACC-GAGAAU.0.pdb,,,
AGGACC_GAGAAU,C,7,NON-WC,cWW,C-A,1,1,TWOWAY.5XYM.4-4.AGGACC-GAGAAU.0.pdb,,,
AGGACC_GAGAAU,C,8,WC,cWW,C-G,1,1,TWOWAY.5XYM.4-4.AGGACC-GAGAAU.0.pdb,,,
AUCCC_GAACU,A,13,NON-WC,lone_flipped_in,-,0,0,TWOWAY.6YSI.3-3.AUCCC-GAACU.0.pdb,,,
AUCCC_GAACU,A,14,NON-WC,lone_flipped_in,-,0,0,TWOWAY.6YSI.3-3.AUCCC-GAACU.0.pdb,,,
AUCCC_GAACU,A,3,WC,cWW,A-U,1,1,TWOWAY.6YSI.3-3.AUCCC-GAACU.0.pdb,,,
AUCCC_GAACU,C,15,NON-WC,tWS,C-G,1,1,TWOWAY.6YSI.3-3.AUCCC-GAACU.0.pdb,,,
AUCCC_GAACU,C,5,NON-WC,lone_flipped_in,-,0,0,TWOWAY.6YSI.3-3.AUCCC-GAACU.0.pdb,,,
AUCCC_GAACU,C,6,NON-WC,tHH,C-U,1,1,TWOWAY.6YSI.3-3.AUCCC-GAACU.0.pdb,,,
AUCCC_GAACU,C,7,WC,cWW,C-G,1,1,TWOWAY.6YSI.3-3.AUCCC-GAACU.0.pdb,,,
AUCU_AUUU,A,3,WC,cWW,A-U,1,1,TWOWAY.6FF4.2-2.AUCU-AUUU.0.pdb,,,
AUCU_AUUU,C,5,NON-WC,cWS,C-U,1,1,TWOWAY.6FF4.2-2.AUCU-AUUU.0.pdb,,,
AUCU_AUUU,A,11,WC,cWW,A-U,1,1,TWOWAY.6FF4.2-2.AUCU-AUUU.0.pdb,,,
AUCUG_CU,A,3,WC,cWW,A-U,1,1,TWOWAY.6XH2.3-0.AUCUG-CU.0.pdb,,,
AUCUG_CU,C,5,NON-WC,lone_flipped_out,-,0,0,TWOWAY.6XH2.3-0.AUCUG-CU.0.pdb,,,
AUCUG_CU,C,12,WC,cWW,C-G,1,1,TWOWAY.6XH2.3-0.AUCUG-CU.0.pdb,,,
AUCUG_CU,A,3,WC,cWW,A-U,1,1,TWOWAY.397D.3-0.AUCUG-CU.0.pdb,,,
AUCUG_CU,C,5,NON-WC,lone_flipped_out,-,0,0,TWOWAY.397D.3-0.AUCUG-CU.0.pdb,,,
AUCUG_CU,C,12,WC,cWW,C-G,1,1,TWOWAY.397D.3-0.AUCUG-CU.0.pdb,,,
AUG_CCU,A,3,WC,cWW,A-U,1,1,TWOWAY.3J7A.1-1.AUG-CCU.0.pdb,,,
AUG_CCU,C,10,WC,cWW,C-G,1,1,TWOWAY.3J7A.1-1.AUG-CCU.0.pdb,,,
AUG_CCU,C,11,NON-WC,cWW,C-U,1,1,TWOWAY.3J7A.1-1.AUG-CCU.0.pdb,,,
AUG_CCU,A,3,WC,cWW,A-U,1,1,TWOWAY.3J7A.1-1.AUG-CCU.1.pdb,,,
AUG_CCU,C,10,WC,cWW,C-G,1,1,TWOWAY.3J7A.1-1.AUG-CCU.1.pdb,,,
AUG_CCU,C,11,NON-WC,cWW,C-U,1,1,TWOWAY.3J7A.1-1.AUG-CCU.1.pdb,,,
AUG_CCU,A,3,WC,cWW,A-U,1,1,TWOWAY.6OKK.1-1.AUG-CCU.0.pdb,,,
AUG_CCU,C,10,WC,cWW,C-G,1,1,TWOWAY.6OKK.1-1.AUG-CCU.0.pdb,,,
AUG_CCU,C,11,NON-WC,cWW,C-U,1,1,TWOWAY.6OKK.1-1.AUG-CCU.0.pdb,,,
AUG_CCU,A,3,WC,cWW,A-U,1,1,TWOWAY.6OKK.1-1.AUG-CCU.1.pdb,,,
AUG_CCU,C,10,WC,cWW,C-G,1,1,TWOWAY.6OKK.1-1.AUG-CCU.1.pdb,,,
AUG_CCU,C,11,NON-WC,cWW,C-U,1,1,TWOWAY.6OKK.1-1.AUG-CCU.1.pdb,,,
CAA_UAG,A,4,NON-WC,cWW,A-A,1,1,TWOWAY.6N7R.1-1.UAG-CAA.0.pdb,,,
CAA_UAG,A,5,WC,cWW,A-U,1,1,TWOWAY.6N7R.1-1.UAG-CAA.0.pdb,,,
CAA_UAG,A,11,NON-WC,cWW,A-A,1,1,TWOWAY.6N7R.1-1.UAG-CAA.0.pdb,,,
CAA_UAG,C,3,WC,cWW,C-G,1,1,TWOWAY.6N7R.1-1.UAG-CAA.0.pdb,,,
CAA_UG,A,4,NON-WC,cSH,A-A,1,1,TWOWAY.1S03.0-1.UG-CAA.0.pdb,,,
CAA_UG,A,5,WC,cWW,A-U,1,2,TWOWAY.1S03.0-1.UG-CAA.0.pdb,,,
CAA_UG,A,5,WC,cSH,A-A,1,2,TWOWAY.1S03.0-1.UG-CAA.0.pdb,,,
CAA_UG,C,3,WC,cWW,C-G,1,1,TWOWAY.1S03.0-1.UG-CAA.0.pdb,,,
CAA_UG,A,4,NON-WC,cSH,A-A,1,1,TWOWAY.6YS3.1-0.CAA-UG.0.pdb,,,
CAA_UG,A,5,WC,cWW,A-U,1,2,TWOWAY.6YS3.1-0.CAA-UG.0.pdb,,,
CAA_UG,A,5,WC,cSH,A-A,1,2,TWOWAY.6YS3.1-0.CAA-UG.0.pdb,,,
CAA_UG,C,3,WC,cWW,C-G,1,1,TWOWAY.6YS3.1-0.CAA-UG.0.pdb,,,
CAA_UGG,A,4,NON-WC,cWW,A-G,1,1,TWOWAY.7LYF.1-1.UGG-CAA.0.pdb,,,
CAA_UGG,A,5,WC,cWW,A-U,1,1,TWOWAY.7LYF.1-1.UGG-CAA.0.pdb,,,
CAA_UGG,C,3,WC,cWW,C-G,1,1,TWOWAY.7LYF.1-1.UGG-CAA.0.pdb,,,
CAAG_CG,A,4,NON-WC,base triple,C-A-G,1,1,TWOWAY.1U9S.0-2.CG-CAAG.0.pdb,,,
CAAG_CG,A,5,NON-WC,lone,-,0,0,TWOWAY.1U9S.0-2.CG-CAAG.0.pdb,,,
CAAG_CG,C,11,WC,base triple,C-A-G,1,2,TWOWAY.1U9S.0-2.CG-CAAG.0.pdb,,,
CAAG_CG,C,11,WC,cWW,C-G,1,2,TWOWAY.1U9S.0-2.CG-CAAG.0.pdb,,,
CAAG_CG,C,3,WC,cWW,C-G,1,1,TWOWAY.1U9S.0-2.CG-CAAG.0.pdb,,,
CAC_GAG,A,4,NON-WC,lone_flipped_out,-,0,0,TWOWAY.4M4O.1-1.GAG-CAC.0.pdb,,,
CAC_GAG,A,11,NON-WC,lone_flipped_out,-,0,0,TWOWAY.4M4O.1-1.GAG-CAC.0.pdb,,,
CAC_GAG,C,3,WC,cWW,C-G,1,1,TWOWAY.4M4O.1-1.GAG-CAC.0.pdb,,,
CAC_GAG,C,5,WC,cWW,C-G,1,1,TWOWAY.4M4O.1-1.GAG-CAC.0.pdb,,,
CAC_GCG,A,4,NON-WC,cWW_p,A-C,1,1,TWOWAY.6AGB.1-1.CAC-GCG.0.pdb,,,
CAC_GCG,C,3,WC,cWW,C-G,1,1,TWOWAY.6AGB.1-1.CAC-GCG.0.pdb,,,
CAC_GCG,C,5,WC,cWW,C-G,1,1,TWOWAY.6AGB.1-1.CAC-GCG.0.pdb,,,
CAC_GCG,C,11,NON-WC,cWW_p,C-A,1,1,TWOWAY.6AGB.1-1.CAC-GCG.0.pdb,,,
CAC_GCG,A,4,NON-WC,cWW_p,A-C,1,1,TWOWAY.6AH3.1-1.CAC-GCG.0.pdb,,,
CAC_GCG,C,3,WC,cWW,C-G,1,1,TWOWAY.6AH3.1-1.CAC-GCG.0.pdb,,,
CAC_GCG,C,5,WC,cWW,C-G,1,1,TWOWAY.6AH3.1-1.CAC-GCG.0.pdb,,,
CAC_GCG,C,11,NON-WC,cWW_p,C-A,1,1,TWOWAY.6AH3.1-1.CAC-GCG.0.pdb,,,
CAC_GG,A,4,NON-WC,cSH,A-C,4,1,TWOWAY.5XYM.1-0.CAC-GG.0.pdb,,,
CAC_GG,C,3,WC,cWW,C-G,1,1,TWOWAY.5XYM.1-0.CAC-GG.0.pdb,,,
CAC_GG,C,5,WC,cSH,C-A,1,2,TWOWAY.5XYM.1-0.CAC-GG.0.pdb,,,
CAC_GG,C,5,WC,cWW,C-G,1,2,TWOWAY.5XYM.1-0.CAC-GG.0.pdb,,,
CAC_GG,A,4,NON-WC,lone_flipped_out,-,4,0,TWOWAY.6MSF.0-1.GG-CAC.0.pdb,,,
CAC_GG,C,3,WC,cWW,C-G,1,1,TWOWAY.6MSF.0-1.GG-CAC.0.pdb,,,
CAC_GG,C,5,WC,cWW,C-G,1,1,TWOWAY.6MSF.0-1.GG-CAC.0.pdb,,,
CAC_GG,A,4,NON-WC,lone_flipped_out,-,4,0,TWOWAY.6QKL.0-1.GG-CAC.0.pdb,,,
CAC_GG,C,3,WC,cWW,C-G,1,1,TWOWAY.6QKL.0-1.GG-CAC.0.pdb,,,
CAC_GG,C,5,WC,cWW,C-G,1,1,TWOWAY.6QKL.0-1.GG-CAC.0.pdb,,,
CAC_GG,A,4,NON-WC,cSH,A-C,4,1,TWOWAY.6YSI.1-0.CAC-GG.0.pdb,,,
CAC_GG,C,3,WC,cWW,C-G,1,1,TWOWAY.6YSI.1-0.CAC-GG.0.pdb,,,
CAC_GG,C,5,WC,cSH,C-A,1,2,TWOWAY.6YSI.1-0.CAC-GG.0.pdb,,,
CAC_GG,C,5,WC,cWW,C-G,1,2,TWOWAY.6YSI.1-0.CAC-GG.0.pdb,,,
CAC_GG,A,4,NON-WC,tWS,A-G,4,1,TWOWAY.6ZVI.0-1.GG-CAC.0.pdb,,,
CAC_GG,C,3,WC,cWW,C-G,1,1,TWOWAY.6ZVI.0-1.GG-CAC.0.pdb,,,
CAC_GG,C,5,WC,cWW,C-G,1,1,TWOWAY.6ZVI.0-1.GG-CAC.0.pdb,,,
CAC_GG,A,4,NON-WC,lone_flipped_in,-,4,0,TWOWAY.7JQC.1-0.CAC-GG.0.pdb,,,
CAC_GG,C,3,WC,cWW,C-G,1,1,TWOWAY.7JQC.1-0.CAC-GG.0.pdb,,,
CAC_GG,C,5,WC,cWW,C-G,1,1,TWOWAY.7JQC.1-0.CAC-GG.0.pdb,,,
CAC_GGG,A,4,NON-WC,cWW,A-G,1,1,TWOWAY.3D0U.1-1.GGG-CAC.0.pdb,,,
CAC_GGG,C,3,WC,cWW,C-G,1,1,TWOWAY.3D0U.1-1.GGG-CAC.0.pdb,,,
CAC_GGG,C,5,WC,cWW,C-G,1,1,TWOWAY.3D0U.1-1.GGG-CAC.0.pdb,,,
CAC_GGG,A,4,NON-WC,cWW,A-G,1,1,TWOWAY.3DIL.1-1.GGG-CAC.0.pdb,,,
CAC_GGG,C,3,WC,cWW,C-G,1,1,TWOWAY.3DIL.1-1.GGG-CAC.0.pdb,,,
CAC_GGG,C,5,WC,cWW,C-G,1,1,TWOWAY.3DIL.1-1.GGG-CAC.0.pdb,,,
CAG_CAG,A,4,NON-WC,cWW,A-A,1,1,NWAY.3NJ7.4.CAGCAG.0.pdb,,,
CAG_CAG,A,11,NON-WC,cWW,A-A,1,1,NWAY.3NJ7.4.CAGCAG.0.pdb,,,
CAG_CAG,C,3,WC,cWW,C-G,1,1,NWAY.3NJ7.4.CAGCAG.0.pdb,,,
CAG_CAG,C,10,WC,cWW,C-G,1,1,NWAY.3NJ7.4.CAGCAG.0.pdb,,,
CAG_CAG,A,4,NON-WC,cWW,A-A,1,1,TWOWAY.3NJ7.1-1.CAG-CAG.0.pdb,,,
CAG_CAG,A,11,NON-WC,cWW,A-A,1,1,TWOWAY.3NJ7.1-1.CAG-CAG.0.pdb,,,
CAG_CAG,C,3,WC,cWW,C-G,1,1,TWOWAY.3NJ7.1-1.CAG-CAG.0.pdb,,,
CAG_CAG,C,10,WC,cWW,C-G,1,1,TWOWAY.3NJ7.1-1.CAG-CAG.0.pdb,,,
CAG_CAG,A,4,NON-WC,cWW,A-A,1,1,TWOWAY.4J50.1-1.CAG-CAG.0.pdb,,,
CAG_CAG,A,11,NON-WC,cWW,A-A,1,1,TWOWAY.4J50.1-1.CAG-CAG.0.pdb,,,
CAG_CAG,C,3,WC,cWW,C-G,1,1,TWOWAY.4J50.1-1.CAG-CAG.0.pdb,,,
CAG_CAG,C,10,WC,cWW,C-G,1,1,TWOWAY.4J50.1-1.CAG-CAG.0.pdb,,,
CAG_CAG,A,4,NON-WC,cWH,A-A,2,1,TWOWAY.4J50.1-1.CAG-CAG.1.pdb,,,
CAG_CAG,A,11,NON-WC,cWH,A-A,2,1,TWOWAY.4J50.1-1.CAG-CAG.1.pdb,,,
CAG_CAG,C,3,WC,cWW,C-G,1,1,TWOWAY.4J50.1-1.CAG-CAG.1.pdb,,,
CAG_CAG,C,10,WC,cWW,C-G,1,1,TWOWAY.4J50.1-1.CAG-CAG.1.pdb,,,
CAG_CAG,A,4,NON-WC,cWH,A-A,2,1,TWOWAY.4J50.1-1.CAG-CAG.2.pdb,,,
CAG_CAG,A,11,NON-WC,cWH,A-A,2,1,TWOWAY.4J50.1-1.CAG-CAG.2.pdb,,,
CAG_CAG,C,3,WC,cWW,C-G,1,1,TWOWAY.4J50.1-1.CAG-CAG.2.pdb,,,
CAG_CAG,C,10,WC,cWW,C-G,1,1,TWOWAY.4J50.1-1.CAG-CAG.2.pdb,,,
CAG_CG,A,4,NON-WC,lone_flipped_out,-,0,0,TWOWAY.2QUX.0-1.CG-CAG.0.pdb,,,
CAG_CG,C,3,WC,cWW,C-G,1,1,TWOWAY.2QUX.0-1.CG-CAG.0.pdb,,,
CAG_CG,C,10,WC,cWW,C-G,1,1,TWOWAY.2QUX.0-1.CG-CAG.0.pdb,,,
CAG_CG,A,4,NON-WC,lone_flipped_out,-,0,0,TWOWAY.3MJA.1-0.CAG-CG.0.pdb,,,
CAG_CG,C,3,WC,cWW,C-G,1,1,TWOWAY.3MJA.1-0.CAG-CG.0.pdb,,,
CAG_CG,C,10,WC,cWW,C-G,1,1,TWOWAY.3MJA.1-0.CAG-CG.0.pdb,,,
CAG_CG,A,4,NON-WC,lone_flipped_out,-,0,0,TWOWAY.4IOA.0-1.CG-CAG.0.pdb,,,
CAG_CG,C,3,WC,cWW,C-G,1,1,TWOWAY.4IOA.0-1.CG-CAG.0.pdb,,,
CAG_CG,C,10,WC,cWW,C-G,1,1,TWOWAY.4IOA.0-1.CG-CAG.0.pdb,,,
CAG_CG,A,4,NON-WC,lone_flipped_out,-,0,0,TWOWAY.4R4V.1-0.CAG-CG.0.pdb,,,
CAG_CG,C,3,WC,cWW,C-G,1,1,TWOWAY.4R4V.1-0.CAG-CG.0.pdb,,,
CAG_CG,C,10,WC,cWW,C-G,1,1,TWOWAY.4R4V.1-0.CAG-CG.0.pdb,,,
CAG_CG,A,4,NON-WC,lone_flipped_out,-,0,0,TWOWAY.5XYM.0-1.CG-CAG.0.pdb,,,
CAG_CG,C,3,WC,cWW,C-G,1,1,TWOWAY.5XYM.0-1.CG-CAG.0.pdb,,,
CAG_CG,C,10,WC,cWW,C-G,1,1,TWOWAY.5XYM.0-1.CG-CAG.0.pdb,,,
CAG_CG,A,4,NON-WC,lone_flipped_out,-,0,0,TWOWAY.6QKL.0-1.CG-CAG.0.pdb,,,
CAG_CG,C,3,WC,cWW,C-G,1,1,TWOWAY.6QKL.0-1.CG-CAG.0.pdb,,,
CAG_CG,C,10,WC,cWW,C-G,1,1,TWOWAY.6QKL.0-1.CG-CAG.0.pdb,,,
CAG_CG,A,4,NON-WC,lone_flipped_out,-,0,0,TWOWAY.6SPB.0-1.CG-CAG.0.pdb,,,
CAG_CG,C,3,WC,cWW,C-G,1,1,TWOWAY.6SPB.0-1.CG-CAG.0.pdb,,,
CAG_CG,C,10,WC,cWW,C-G,1,1,TWOWAY.6SPB.0-1.CG-CAG.0.pdb,,,
CAG_CG,A,4,NON-WC,lone_flipped_out,-,0,0,TWOWAY.6WQN.0-1.CG-CAG.0.pdb,,,
CAG_CG,C,3,WC,cWW,C-G,1,1,TWOWAY.6WQN.0-1.CG-CAG.0.pdb,,,
CAG_CG,C,10,WC,cWW,C-G,1,1,TWOWAY.6WQN.0-1.CG-CAG.0.pdb,,,
CAG_CG,A,4,NON-WC,lone_flipped_out,-,0,0,TWOWAY.6YS3.0-1.CG-CAG.0.pdb,,,
CAG_CG,C,3,WC,cWW,C-G,1,1,TWOWAY.6YS3.0-1.CG-CAG.0.pdb,,,
CAG_CG,C,10,WC,cWW,C-G,1,1,TWOWAY.6YS3.0-1.CG-CAG.0.pdb,,,
CAG_CG,A,4,NON-WC,lone_flipped_out,-,0,0,TWOWAY.6YS3.1-0.CAG-CG.0.pdb,,,
CAG_CG,C,3,WC,cWW,C-G,1,1,TWOWAY.6YS3.1-0.CAG-CG.0.pdb,,,
CAG_CG,C,10,WC,cWW,C-G,1,1,TWOWAY.6YS3.1-0.CAG-CG.0.pdb,,,
CAG_CG,A,4,NON-WC,lone_flipped_out,-,0,0,TWOWAY.6ZVI.0-1.CG-CAG.0.pdb,,,
CAG_CG,C,3,WC,cWW,C-G,1,1,TWOWAY.6ZVI.0-1.CG-CAG.0.pdb,,,
CAG_CG,C,10,WC,cWW,C-G,1,1,TWOWAY.6ZVI.0-1.CG-CAG.0.pdb,,,
CAG_UAG,A,4,NON-WC,cWW,A-A,1,1,TWOWAY.5UNE.1-1.CAG-UAG.0.pdb,,,
CAG_UAG,A,11,NON-WC,cWW,A-A,1,1,TWOWAY.5UNE.1-1.CAG-UAG.0.pdb,,,
CAG_UAG,C,3,WC,cWW,C-G,1,1,TWOWAY.5UNE.1-1.CAG-UAG.0.pdb,,,
CAG_UAG,A,4,NON-WC,cWW,A-A,1,1,TWOWAY.5UNE.1-1.UAG-CAG.0.pdb,,,
CAG_UAG,A,11,NON-WC,cWW,A-A,1,1,TWOWAY.5UNE.1-1.UAG-CAG.0.pdb,,,
CAG_UAG,C,3,WC,cWW,C-G,1,1,TWOWAY.5UNE.1-1.UAG-CAG.0.pdb,,,
CAG_UGG,A,4,NON-WC,cWW,A-G,1,1,TWOWAY.3CUL.1-1.UGG-CAG.0.pdb,,,
CAG_UGG,C,3,WC,cWW,C-G,1,1,TWOWAY.3CUL.1-1.UGG-CAG.0.pdb,,,
CAU_AG,A,4,NON-WC,lone_flipped_out,-,0,0,TWOWAY.4L8H.0-1.AG-CAU.0.pdb,,,
CAU_AG,A,10,WC,cWW,A-U,1,1,TWOWAY.4L8H.0-1.AG-CAU.0.pdb,,,
CAU_AG,C,3,WC,cWW,C-G,1,1,TWOWAY.4L8H.0-1.AG-CAU.0.pdb,,,
CAU_AG,A,4,NON-WC,lone_flipped_out,-,0,0,TWOWAY.6SPC.1-0.CAU-AG.0.pdb,,,
CAU_AG,A,10,WC,cWW,A-U,1,1,TWOWAY.6SPC.1-0.CAU-AG.0.pdb,,,
CAU_AG,C,3,WC,cWW,C-G,1,1,TWOWAY.6SPC.1-0.CAU-AG.0.pdb,,,
CAU_GGG,A,4,NON-WC,cWW,A-G,1,1,TWOWAY.1FJG.1-1.CAU-GGG.0.pdb,,,
CAU_GGG,C,3,WC,cWW,C-G,1,1,TWOWAY.1FJG.1-1.CAU-GGG.0.pdb,,,
CAU_GGG,A,4,NON-WC,cWW,A-G,1,1,TWOWAY.1HNW.1-1.CAU-GGG.0.pdb,,,
CAU_GGG,C,3,WC,cWW,C-G,1,1,TWOWAY.1HNW.1-1.CAU-GGG.0.pdb,,,
CAU_GGG,A,4,NON-WC,cWW,A-G,1,1,TWOWAY.1N32.1-1.CAU-GGG.0.pdb,,,
CAU_GGG,C,3,WC,cWW,C-G,1,1,TWOWAY.1N32.1-1.CAU-GGG.0.pdb,,,
CAU_GGG,A,4,NON-WC,cWW,A-G,1,1,TWOWAY.1N33.1-1.CAU-GGG.0.pdb,,,
CAU_GGG,C,3,WC,cWW,C-G,1,1,TWOWAY.1N33.1-1.CAU-GGG.0.pdb,,,
CAU_GGG,A,4,NON-WC,cWW,A-G,1,1,TWOWAY.1XNQ.1-1.CAU-GGG.0.pdb,,,
CAU_GGG,C,3,WC,cWW,C-G,1,1,TWOWAY.1XNQ.1-1.CAU-GGG.0.pdb,,,
CAU_GGG,A,4,NON-WC,cWW,A-G,1,1,TWOWAY.1XNR.1-1.CAU-GGG.0.pdb,,,
CAU_GGG,C,3,WC,cWW,C-G,1,1,TWOWAY.1XNR.1-1.CAU-GGG.0.pdb,,,
CAU_GGG,A,4,NON-WC,cWW,A-G,1,1,TWOWAY.2UXC.1-1.CAU-GGG.0.pdb,,,
CAU_GGG,C,3,WC,cWW,C-G,1,1,TWOWAY.2UXC.1-1.CAU-GGG.0.pdb,,,
CAU_GGG,A,4,NON-WC,cWW,A-G,1,1,TWOWAY.2UXD.1-1.CAU-GGG.0.pdb,,,
CAU_GGG,C,3,WC,cWW,C-G,1,1,TWOWAY.2UXD.1-1.CAU-GGG.0.pdb,,,
CAU_GGG,A,4,NON-WC,cWW,A-G,1,1,TWOWAY.4B3R.1-1.CAU-GGG.0.pdb,,,
CAU_GGG,C,3,WC,cWW,C-G,1,1,TWOWAY.4B3R.1-1.CAU-GGG.0.pdb,,,
CAU_GGG,A,4,NON-WC,cWW,A-G,1,1,TWOWAY.4JV5.1-1.CAU-GGG.0.pdb,,,
CAU_GGG,C,3,WC,cWW,C-G,1,1,TWOWAY.4JV5.1-1.CAU-GGG.0.pdb,,,
CAU_GGG,A,4,NON-WC,cWW,A-G,1,1,TWOWAY.4JYA.1-1.CAU-GGG.0.pdb,,,
CAU_GGG,C,3,WC,cWW,C-G,1,1,TWOWAY.4JYA.1-1.CAU-GGG.0.pdb,,,
CAU_GGG,A,4,NON-WC,cWW,A-G,1,1,TWOWAY.4KHP.1-1.CAU-GGG.0.pdb,,,
CAU_GGG,C,3,WC,cWW,C-G,1,1,TWOWAY.4KHP.1-1.CAU-GGG.0.pdb,,,
CAU_GGG,A,4,NON-WC,cWW,A-G,1,1,TWOWAY.5O5J.1-1.CAU-GGG.0.pdb,,,
CAU_GGG,C,3,WC,cWW,C-G,1,1,TWOWAY.5O5J.1-1.CAU-GGG.0.pdb,,,
CAUAG_CG,A,4,NON-WC,lone_flipped_out,-,0,0,NWAY.2GJW.0-0-0-0.CA-AG-DU-CG.0.pdb,,,
CAUAG_CG,A,6,NON-WC,cSS,A-G,1,1,NWAY.2GJW.0-0-0-0.CA-AG-DU-CG.0.pdb,,,xxxxxxxxxxxxx
CAUAG_CG,C,3,WC,cWW,C-G,1,1,NWAY.2GJW.0-0-0-0.CA-AG-DU-CG.0.pdb,,,
CAUAG_CG,C,12,WC,cWW,C-G,1,1,NWAY.2GJW.0-0-0-0.CA-AG-DU-CG.0.pdb,,,
CAUG_UGG,A,4,NON-WC,lone_flipped_in,-,0,1,TWOWAY.6ZVI.2-1.CAUG-UGG.0.pdb,,,
CAUG_UGG,C,3,WC,cWW,C-G,1,1,TWOWAY.6ZVI.2-1.CAUG-UGG.0.pdb,,,
CCAAG_UGCAG,A,5,NON-WC,lone_flipped_in,-,0,0,TWOWAY.2R8S.3-3.CCAAG-UGCAG.0.pdb,,,
CCAAG_UGCAG,A,6,NON-WC,tSH,A-G,1,1,TWOWAY.2R8S.3-3.CCAAG-UGCAG.0.pdb,,,
CCAAG_UGCAG,A,15,NON-WC,tSH,A-C,1,1,TWOWAY.2R8S.3-3.CCAAG-UGCAG.0.pdb,,,
CCAAG_UGCAG,C,3,WC,cWW,C-G,1,1,TWOWAY.2R8S.3-3.CCAAG-UGCAG.0.pdb,,,
CCAAG_UGCAG,C,4,NON-WC,tSH,C-A,1,1,TWOWAY.2R8S.3-3.CCAAG-UGCAG.0.pdb,,,
CCAAG_UGCAG,C,14,NON-WC,lone_flipped_out,-,0,0,TWOWAY.2R8S.3-3.CCAAG-UGCAG.0.pdb,,,
CCACU_AUG,A,12,WC,cWW,A-U,1,2,NWAY.1KOG.-1-1-2.U-AUG-CCAC.0.pdb,,,
CCACU_AUG,A,12,WC,tWH,A-C,1,2,NWAY.1KOG.-1-1-2.U-AUG-CCAC.0.pdb,,,
CCACU_AUG,C,3,WC,cWW,C-G,1,1,NWAY.1KOG.-1-1-2.U-AUG-CCAC.0.pdb,,,
CCACU_AUG,C,4,NON-WC,tWH,C-A,1,1,NWAY.1KOG.-1-1-2.U-AUG-CCAC.0.pdb,,,
CCACU_AUG,A,5,NON-WC,lone_flipped_in,-,0,0,NWAY.1KOG.-1-1-2.U-AUG-CCAC.0.pdb,,,
CCACU_AUG,C,6,NON-WC,cWS,C-G,1,1,NWAY.1KOG.-1-1-2.U-AUG-CCAC.0.pdb,,,
CCC_GAG,A,11,NON-WC,cWW,A-C,1,1,TWOWAY.6IA2.1-1.CCC-GAG.0.pdb,,,
CCC_GAG,C,3,WC,cWW,C-G,1,1,TWOWAY.6IA2.1-1.CCC-GAG.0.pdb,,,
CCC_GAG,C,4,NON-WC,cWW,C-A,1,1,TWOWAY.6IA2.1-1.CCC-GAG.0.pdb,,,
CCC_GAG,C,5,WC,cWW,C-G,1,1,TWOWAY.6IA2.1-1.CCC-GAG.0.pdb,,,
CCC_GUG,C,3,WC,cWW,C-G,1,1,NWAY.3PO2.1-0-0-0.CCC-DG-DG-DT.0.pdb,,,
CCC_GUG,C,4,NON-WC,cWW,C-U,1,1,NWAY.3PO2.1-0-0-0.CCC-DG-DG-DT.0.pdb,,,
CCC_GUG,C,5,WC,cWW,C-G,1,1,NWAY.3PO2.1-0-0-0.CCC-DG-DG-DT.0.pdb,,,
CCC_GUG,C,3,WC,cWW,C-G,1,1,NWAY.3PO3.1-0-0-0.CCC-DG-DG-DT.0.pdb,,,
CCC_GUG,C,4,NON-WC,cWW,C-U,1,1,NWAY.3PO3.1-0-0-0.CCC-DG-DG-DT.0.pdb,,,
CCC_GUG,C,5,WC,cWW,C-G,1,1,NWAY.3PO3.1-0-0-0.CCC-DG-DG-DT.0.pdb,,,
CCC_GUG,C,3,WC,cWW,C-G,1,1,NWAY.4BXX.1-0-0-0.CCC-DG-DG-DT.0.pdb,,,
CCC_GUG,C,4,NON-WC,cWW,C-U,1,1,NWAY.4BXX.1-0-0-0.CCC-DG-DG-DT.0.pdb,,,
CCC_GUG,C,5,WC,cWW,C-G,1,1,NWAY.4BXX.1-0-0-0.CCC-DG-DG-DT.0.pdb,,,
CCC_GUG,C,3,WC,cWW,C-G,1,1,TWOWAY.4JYA.1-1.CCC-GUG.0.pdb,,,
CCC_GUG,C,4,NON-WC,cWW,C-U,1,1,TWOWAY.4JYA.1-1.CCC-GUG.0.pdb,,,
CCC_GUG,C,5,WC,cWW,C-G,1,1,TWOWAY.4JYA.1-1.CCC-GUG.0.pdb,,,
CCCG_CCCG,C,3,WC,cWW,C-G,1,1,NWAY.5EW4.2-0-0.CCCG-CG-CC.0.pdb,,,
CCCG_CCCG,C,4,NON-WC,cWW,C-C,1,1,NWAY.5EW4.2-0-0.CCCG-CG-CC.0.pdb,,,
CCCG_CCCG,C,5,NON-WC,cWW,C-C,1,1,NWAY.5EW4.2-0-0.CCCG-CG-CC.0.pdb,,,
CCCG_CCCG,C,11,WC,cWW,C-G,1,1,NWAY.5EW4.2-0-0.CCCG-CG-CC.0.pdb,,,
CCCG_CCCG,C,12,NON-WC,cWW,C-C,1,1,NWAY.5EW4.2-0-0.CCCG-CG-CC.0.pdb,,,
CCCG_CCCG,C,13,NON-WC,cWW,C-C,1,1,NWAY.5EW4.2-0-0.CCCG-CG-CC.0.pdb,,,
CCCG_CCCG,C,3,WC,cWW,C-G,1,1,NWAY.5EW4.0-0-2.CG-CC-CCCG.0.pdb,,,
CCCG_CCCG,C,4,NON-WC,cWW,C-C,1,1,NWAY.5EW4.0-0-2.CG-CC-CCCG.0.pdb,,,
CCCG_CCCG,C,5,NON-WC,cWW,C-C,1,1,NWAY.5EW4.0-0-2.CG-CC-CCCG.0.pdb,,,
CCCG_CCCG,C,11,WC,cWW,C-G,1,1,NWAY.5EW4.0-0-2.CG-CC-CCCG.0.pdb,,,
CCCG_CCCG,C,12,NON-WC,cWW,C-C,1,1,NWAY.5EW4.0-0-2.CG-CC-CCCG.0.pdb,,,
CCCG_CCCG,C,13,NON-WC,cWW,C-C,1,1,NWAY.5EW4.0-0-2.CG-CC-CCCG.0.pdb,,,
CCG_CCG,C,3,WC,cWW,C-G,1,1,TWOWAY.1NJP.1-1.CCG-CCG.0.pdb,,,
CCG_CCG,C,4,NON-WC,tSH,C-C,2,1,TWOWAY.1NJP.1-1.CCG-CCG.0.pdb,,,
CCG_CCG,C,10,WC,cWW,C-G,1,1,TWOWAY.1NJP.1-1.CCG-CCG.0.pdb,,,
CCG_CCG,C,11,NON-WC,tSH,C-C,2,1,TWOWAY.1NJP.1-1.CCG-CCG.0.pdb,,,
CCG_CCG,C,3,WC,cWW,C-G,1,1,TWOWAY.4E59.1-1.CCG-CCG.0.pdb,,,
CCG_CCG,C,4,NON-WC,cWW,C-C,2,1,TWOWAY.4E59.1-1.CCG-CCG.0.pdb,,,
CCG_CCG,C,10,WC,cWW,C-G,1,1,TWOWAY.4E59.1-1.CCG-CCG.0.pdb,,,
CCG_CCG,C,11,NON-WC,cWW,C-C,2,1,TWOWAY.4E59.1-1.CCG-CCG.0.pdb,,,
CCG_CCG,C,3,WC,cWW,C-G,1,1,TWOWAY.4IOA.1-1.CCG-CCG.0.pdb,,,
CCG_CCG,C,4,NON-WC,cWW,C-C,2,1,TWOWAY.4IOA.1-1.CCG-CCG.0.pdb,,,
CCG_CCG,C,10,WC,cWW,C-G,1,1,TWOWAY.4IOA.1-1.CCG-CCG.0.pdb,,,
CCG_CCG,C,11,NON-WC,cWW,C-C,2,1,TWOWAY.4IOA.1-1.CCG-CCG.0.pdb,,,
CCG_CUG,C,3,WC,cWW,C-G,1,1,TWOWAY.3RW6.1-1.CCG-CUG.1.pdb,,,
CCG_CUG,C,4,NON-WC,cWW,C-U,1,1,TWOWAY.3RW6.1-1.CCG-CUG.1.pdb,,,
CCG_CUG,C,10,WC,cWW,C-G,1,1,TWOWAY.3RW6.1-1.CCG-CUG.1.pdb,,,
CCG_UAG,A,11,NON-WC,cWS,A-C,1,1,TWOWAY.5ZTM.1-1.UAG-CCG.0.pdb,,,
CCG_UAG,C,3,WC,cWW,C-G,1,1,TWOWAY.5ZTM.1-1.UAG-CCG.0.pdb,,,
CCG_UAG,C,4,NON-WC,cWS,C-A,1,1,TWOWAY.5ZTM.1-1.UAG-CCG.0.pdb,,,
CCG_UCG,C,3,WC,cWW,C-G,1,1,TWOWAY.4IOA.1-1.UCG-CCG.0.pdb,,,
CCG_UCG,C,4,NON-WC,cWW,C-C,1,1,TWOWAY.4IOA.1-1.UCG-CCG.0.pdb,,,
CCG_UCG,C,11,NON-WC,cWW,C-C,1,1,TWOWAY.4IOA.1-1.UCG-CCG.0.pdb,,,
CCG_UUG,C,3,WC,cWW,C-G,1,1,TWOWAY.3J7A.1-1.UUG-CCG.0.pdb,,,
CCG_UUG,C,4,NON-WC,cWW,C-U,1,1,TWOWAY.3J7A.1-1.UUG-CCG.0.pdb,,,
CCG_UUG,C,3,WC,cWW,C-G,1,1,TWOWAY.6OKK.1-1.UUG-CCG.0.pdb,,,
CCG_UUG,C,4,NON-WC,cWW,C-U,1,1,TWOWAY.6OKK.1-1.UUG-CCG.0.pdb,,,
CCGCU_AUG,A,12,WC,cWW,A-U,1,1,TWOWAY.6DCC.3-1.CCGCU-AUG.0.pdb,,,
CCGCU_AUG,C,3,WC,cWW,C-G,1,1,TWOWAY.6DCC.3-1.CCGCU-AUG.0.pdb,,,
CCGCU_AUG,C,4,NON-WC,lone_flipped_in,-,0,0,TWOWAY.6DCC.3-1.CCGCU-AUG.0.pdb,,,
CCGCU_AUG,C,6,NON-WC,lone_flipped_out,-,0,0,TWOWAY.6DCC.3-1.CCGCU-AUG.0.pdb,,,
CCGUG_CG,C,12,WC,cWW,C-G,1,1,TWOWAY.6AZ1.0-3.CG-CCGUG.0.pdb,,,
CCGUG_CG,C,3,WC,cWW,C-G,1,1,TWOWAY.6AZ1.0-3.CG-CCGUG.0.pdb,,,
CCGUG_CG,C,4,NON-WC,lone_flipped_out,-,0,0,TWOWAY.6AZ1.0-3.CG-CCGUG.0.pdb,,,
CCUG_CCUG,C,3,WC,cWW,C-G,1,1,NWAY.4K27.-1--1--1-1-0.C-C-C-CUG-UG.0.pdb,,,
CCUG_CCUG,C,4,NON-WC,cWW,C-U,1,1,NWAY.4K27.-1--1--1-1-0.C-C-C-CUG-UG.0.pdb,,,
CCUG_CCUG,C,11,WC,cWW,C-G,1,1,NWAY.4K27.-1--1--1-1-0.C-C-C-CUG-UG.0.pdb,,,
CCUG_CCUG,C,12,NON-WC,cWW,C-U,1,1,NWAY.4K27.-1--1--1-1-0.C-C-C-CUG-UG.0.pdb,,,
CCUG_CCUG,C,3,WC,cWW,C-G,1,1,NWAY.4K27.0-2-0.UG-CCUG-CC.0.pdb,,,
CCUG_CCUG,C,4,NON-WC,cWW,C-U,1,1,NWAY.4K27.0-2-0.UG-CCUG-CC.0.pdb,,,
CCUG_CCUG,C,11,WC,cWW,C-G,1,1,NWAY.4K27.0-2-0.UG-CCUG-CC.0.pdb,,,
CCUG_CCUG,C,12,NON-WC,cWW,C-U,1,1,NWAY.4K27.0-2-0.UG-CCUG-CC.0.pdb,,,
CCUG_CCUG,C,3,WC,cWW,C-G,1,1,TWOWAY.4K27.2-2.CCUG-CCUG.0.pdb,,,
CCUG_CCUG,C,4,NON-WC,cWW,C-U,1,1,TWOWAY.4K27.2-2.CCUG-CCUG.0.pdb,,,
CCUG_CCUG,C,11,WC,cWW,C-G,1,1,TWOWAY.4K27.2-2.CCUG-CCUG.0.pdb,,,
CCUG_CCUG,C,12,NON-WC,cWW,C-U,1,1,TWOWAY.4K27.2-2.CCUG-CCUG.0.pdb,,,
CGAAC_GGUAG,A,15,NON-WC,tSH,A-G,1,1,TWOWAY.6SWD.3-3.CGAAC-GGUAG.0.pdb,,,
CGAAC_GGUAG,A,5,NON-WC,cWH,A-U,1,1,TWOWAY.6SWD.3-3.CGAAC-GGUAG.0.pdb,,,
CGAAC_GGUAG,A,6,NON-WC,tSH,A-G,1,1,TWOWAY.6SWD.3-3.CGAAC-GGUAG.0.pdb,,,
CGAAC_GGUAG,C,3,WC,cWW,C-G,1,1,TWOWAY.6SWD.3-3.CGAAC-GGUAG.0.pdb,,,
CGAAC_GGUAG,C,7,WC,cWW,C-G,1,1,TWOWAY.6SWD.3-3.CGAAC-GGUAG.0.pdb,,,
CGAAG_CAAG,A,13,NON-WC,lone_flipped_in,-,0,0,TWOWAY.4R4V.3-2.CGAAG-CAAG.0.pdb,,,
CGAAG_CAAG,A,14,NON-WC,tSH,A-G,1,1,TWOWAY.4R4V.3-2.CGAAG-CAAG.0.pdb,,,
CGAAG_CAAG,A,5,NON-WC,lone_flipped_out,-,0,0,TWOWAY.4R4V.3-2.CGAAG-CAAG.0.pdb,,,
CGAAG_CAAG,A,6,NON-WC,lone_flipped_out,-,0,0,TWOWAY.4R4V.3-2.CGAAG-CAAG.0.pdb,,,
CGAAG_CAAG,C,12,WC,cWW,C-G,1,1,TWOWAY.4R4V.3-2.CGAAG-CAAG.0.pdb,,,
CGAAG_CAAG,C,3,WC,cWW,C-G,1,1,TWOWAY.4R4V.3-2.CGAAG-CAAG.0.pdb,,,
CGAAG_UGGAG,A,5,NON-WC,tSH,A-G,1,1,TWOWAY.4UYK.3-3.UGGAG-CGAAG.0.pdb,,,
CGAAG_UGGAG,A,6,NON-WC,tWS,A-G,1,1,TWOWAY.4UYK.3-3.UGGAG-CGAAG.0.pdb,,,
CGAAG_UGGAG,A,15,NON-WC,tSH,A-G,1,1,TWOWAY.4UYK.3-3.UGGAG-CGAAG.0.pdb,,,
CGAAG_UGGAG,C,3,WC,cWW,C-G,1,1,TWOWAY.4UYK.3-3.UGGAG-CGAAG.0.pdb,,,
CGAAGAAC_GGGAG,A,18,NON-WC,tSH,A-G,1,1,NWAY.5FJ0.-1-5-3.C-CGAAGAA-GGGAG.0.pdb,,,
CGAAGAAC_GGGAG,A,5,NON-WC,lone_flipped_in,-,0,0,NWAY.5FJ0.-1-5-3.C-CGAAGAA-GGGAG.0.pdb,,,
CGAAGAAC_GGGAG,A,6,NON-WC,lone_flipped_out,-,0,0,NWAY.5FJ0.-1-5-3.C-CGAAGAA-GGGAG.0.pdb,,,
CGAAGAAC_GGGAG,A,8,NON-WC,tSH,A-G,1,1,NWAY.5FJ0.-1-5-3.C-CGAAGAA-GGGAG.0.pdb,,,
CGAAGAAC_GGGAG,A,9,NON-WC,tSH,A-G,1,1,NWAY.5FJ0.-1-5-3.C-CGAAGAA-GGGAG.0.pdb,,,
CGAAGAAC_GGGAG,C,3,WC,cWW,C-G,1,1,NWAY.5FJ0.-1-5-3.C-CGAAGAA-GGGAG.0.pdb,,,
CGAAGAAC_GGGAG,C,10,WC,cWW,C-G,1,1,NWAY.5FJ0.-1-5-3.C-CGAAGAA-GGGAG.0.pdb,,,
CGAAGAAC_GGGAG,A,18,NON-WC,tSH,A-G,1,1,NWAY.5FJ0.3--1-5.GGGAG-C-CGAAGAA.0.pdb,,,
CGAAGAAC_GGGAG,A,5,NON-WC,lone_flipped_in,-,0,0,NWAY.5FJ0.3--1-5.GGGAG-C-CGAAGAA.0.pdb,,,
CGAAGAAC_GGGAG,A,6,NON-WC,lone_flipped_out,-,0,0,NWAY.5FJ0.3--1-5.GGGAG-C-CGAAGAA.0.pdb,,,
CGAAGAAC_GGGAG,A,8,NON-WC,tSH,A-G,1,1,NWAY.5FJ0.3--1-5.GGGAG-C-CGAAGAA.0.pdb,,,
CGAAGAAC_GGGAG,A,9,NON-WC,tSH,A-G,1,1,NWAY.5FJ0.3--1-5.GGGAG-C-CGAAGAA.0.pdb,,,
CGAAGAAC_GGGAG,C,3,WC,cWW,C-G,1,1,NWAY.5FJ0.3--1-5.GGGAG-C-CGAAGAA.0.pdb,,,
CGAAGAAC_GGGAG,C,10,WC,cWW,C-G,1,1,NWAY.5FJ0.3--1-5.GGGAG-C-CGAAGAA.0.pdb,,,
CGAAGAAC_GGGAG,A,18,NON-WC,tSH,A-G,1,1,NWAY.5G4T.-1-5-3.C-CGAAGAA-GGGAG.0.pdb,,,
CGAAGAAC_GGGAG,A,5,NON-WC,lone_flipped_in,-,0,0,NWAY.5G4T.-1-5-3.C-CGAAGAA-GGGAG.0.pdb,,,
CGAAGAAC_GGGAG,A,6,NON-WC,lone_flipped_out,-,0,0,NWAY.5G4T.-1-5-3.C-CGAAGAA-GGGAG.0.pdb,,,
CGAAGAAC_GGGAG,A,8,NON-WC,tSH,A-G,1,1,NWAY.5G4T.-1-5-3.C-CGAAGAA-GGGAG.0.pdb,,,
CGAAGAAC_GGGAG,A,9,NON-WC,tSH,A-G,1,1,NWAY.5G4T.-1-5-3.C-CGAAGAA-GGGAG.0.pdb,,,
CGAAGAAC_GGGAG,C,3,WC,cWW,C-G,1,1,NWAY.5G4T.-1-5-3.C-CGAAGAA-GGGAG.0.pdb,,,
CGAAGAAC_GGGAG,C,10,WC,cWW,C-G,1,1,NWAY.5G4T.-1-5-3.C-CGAAGAA-GGGAG.0.pdb,,,
CGAAGAAC_GGGAG,A,18,NON-WC,tSH,A-G,1,1,TWOWAY.5FJC.3-6.GGGAG-CGAAGAAC.0.pdb,,,
CGAAGAAC_GGGAG,A,5,NON-WC,lone_flipped_in,-,0,0,TWOWAY.5FJC.3-6.GGGAG-CGAAGAAC.0.pdb,,,
CGAAGAAC_GGGAG,A,6,NON-WC,lone_flipped_out,-,0,0,TWOWAY.5FJC.3-6.GGGAG-CGAAGAAC.0.pdb,,,
CGAAGAAC_GGGAG,A,8,NON-WC,tSH,A-G,1,1,TWOWAY.5FJC.3-6.GGGAG-CGAAGAAC.0.pdb,,,
CGAAGAAC_GGGAG,A,9,NON-WC,tSH,A-G,1,1,TWOWAY.5FJC.3-6.GGGAG-CGAAGAAC.0.pdb,,,
CGAAGAAC_GGGAG,C,3,WC,cWW,C-G,1,1,TWOWAY.5FJC.3-6.GGGAG-CGAAGAAC.0.pdb,,,
CGAAGAAC_GGGAG,C,10,WC,cWW,C-G,1,1,TWOWAY.5FJC.3-6.GGGAG-CGAAGAAC.0.pdb,,,
CGAC_GAG,A,12,NON-WC,cWW,A-G,1,1,TWOWAY.7LYF.2-1.CGAC-GAG.0.pdb,,,
CGAC_GAG,A,5,NON-WC,lone_flipped_out,-,0,0,TWOWAY.7LYF.2-1.CGAC-GAG.0.pdb,,,
CGAC_GAG,C,3,WC,cWW,C-G,1,1,TWOWAY.7LYF.2-1.CGAC-GAG.0.pdb,,,
CGAC_GAG,C,6,WC,cWW,C-G,1,1,TWOWAY.7LYF.2-1.CGAC-GAG.0.pdb,,,
CGACCA_UCUUAG,A,17,NON-WC,tSH,A-G,1,1,TWOWAY.2OIU.4-4.CGACCA-UCUUAG.0.pdb,,,
CGACCA_UCUUAG,A,5,NON-WC,cWH,A-U,1,1,TWOWAY.2OIU.4-4.CGACCA-UCUUAG.0.pdb,,,
CGACCA_UCUUAG,A,8,WC,cWW,A-U,1,1,TWOWAY.2OIU.4-4.CGACCA-UCUUAG.0.pdb,,,
CGACCA_UCUUAG,C,14,NON-WC,tSH,C-C,1,2,TWOWAY.2OIU.4-4.CGACCA-UCUUAG.0.pdb,,,
CGACCA_UCUUAG,C,14,NON-WC,cWW,C-C,1,2,TWOWAY.2OIU.4-4.CGACCA-UCUUAG.0.pdb,,,
CGACCA_UCUUAG,C,3,WC,cWW,C-G,1,1,TWOWAY.2OIU.4-4.CGACCA-UCUUAG.0.pdb,,,
CGACCA_UCUUAG,C,6,NON-WC,tSH,C-C,1,1,TWOWAY.2OIU.4-4.CGACCA-UCUUAG.0.pdb,,,
CGACCA_UCUUAG,C,7,NON-WC,cWW,C-C,1,1,TWOWAY.2OIU.4-4.CGACCA-UCUUAG.0.pdb,,,
CGACGAAG_CAGAG,A,16,NON-WC,cWS,A-A,1,1,TWOWAY.4KQY.3-6.CAGAG-CGACGAAG.0.pdb,,,
CGACGAAG_CAGAG,A,18,NON-WC,tSH,A-G,1,1,TWOWAY.4KQY.3-6.CAGAG-CGACGAAG.0.pdb,,,
CGACGAAG_CAGAG,A,5,NON-WC,lone_flipped_in,-,0,0,TWOWAY.4KQY.3-6.CAGAG-CGACGAAG.0.pdb,,,
CGACGAAG_CAGAG,A,8,NON-WC,tSH,A-G,1,1,TWOWAY.4KQY.3-6.CAGAG-CGACGAAG.0.pdb,,,
CGACGAAG_CAGAG,A,9,NON-WC,cWS,A-A,1,1,TWOWAY.4KQY.3-6.CAGAG-CGACGAAG.0.pdb,,,
CGACGAAG_CAGAG,C,15,WC,cWW,C-G,1,1,TWOWAY.4KQY.3-6.CAGAG-CGACGAAG.0.pdb,,,
CGACGAAG_CAGAG,C,3,WC,cWW,C-G,1,1,TWOWAY.4KQY.3-6.CAGAG-CGACGAAG.0.pdb,,,
CGACGAAG_CAGAG,C,6,NON-WC,lone_flipped_out,-,0,0,TWOWAY.4KQY.3-6.CAGAG-CGACGAAG.0.pdb,,,
CGAG_CGAG,C,3,WC,cWW,C-G,1,1,TWOWAY.1SA9.2-2.CGAG-CGAG.0.pdb,,,
CGAG_CGAG,A,5,NON-WC,tSH,A-G,1,1,TWOWAY.1SA9.2-2.CGAG-CGAG.0.pdb,,,
CGAG_CGAG,C,11,WC,cWW,C-G,1,1,TWOWAY.1SA9.2-2.CGAG-CGAG.0.pdb,,,
CGAG_CGAG,A,13,NON-WC,tSH,A-G,1,1,TWOWAY.1SA9.2-2.CGAG-CGAG.0.pdb,,,
CGAG_CGAG,C,3,WC,cWW,C-G,1,1,TWOWAY.1SA9.2-2.CGAG-CGAG.1.pdb,,,
CGAG_CGAG,A,5,NON-WC,tSH,A-G,1,1,TWOWAY.1SA9.2-2.CGAG-CGAG.1.pdb,,,
CGAG_CGAG,C,11,WC,cWW,C-G,1,1,TWOWAY.1SA9.2-2.CGAG-CGAG.1.pdb,,,
CGAG_CGAG,A,13,NON-WC,tSH,A-G,1,1,TWOWAY.1SA9.2-2.CGAG-CGAG.1.pdb,,,
CGAG_CGAG,C,3,WC,cWW,C-G,1,1,TWOWAY.1SAQ.2-2.CGAG-CGAG.0.pdb,,,
CGAG_CGAG,A,5,NON-WC,tSH,A-G,1,1,TWOWAY.1SAQ.2-2.CGAG-CGAG.0.pdb,,,
CGAG_CGAG,C,11,WC,cWW,C-G,1,1,TWOWAY.1SAQ.2-2.CGAG-CGAG.0.pdb,,,
CGAG_CGAG,A,13,NON-WC,tSH,A-G,1,1,TWOWAY.1SAQ.2-2.CGAG-CGAG.0.pdb,,,
CGAG_CGAG,C,3,WC,cWW,C-G,1,1,TWOWAY.1SAQ.2-2.CGAG-CGAG.1.pdb,,,
CGAG_CGAG,A,5,NON-WC,tSH,A-G,1,1,TWOWAY.1SAQ.2-2.CGAG-CGAG.1.pdb,,,
CGAG_CGAG,C,11,WC,cWW,C-G,1,1,TWOWAY.1SAQ.2-2.CGAG-CGAG.1.pdb,,,
CGAG_CGAG,A,13,NON-WC,tSH,A-G,1,1,TWOWAY.1SAQ.2-2.CGAG-CGAG.1.pdb,,,
CGAUGAAA_UGGAG,A,5,NON-WC,lone_flipped_in,-,0,0,TWOWAY.3V7E.3-6.UGGAG-CGAUGAAA.0.pdb,,,
CGAUGAAA_UGGAG,A,8,NON-WC,tSH,A-G,1,1,TWOWAY.3V7E.3-6.UGGAG-CGAUGAAA.0.pdb,,,
CGAUGAAA_UGGAG,A,9,NON-WC,tSH,A-G,1,1,TWOWAY.3V7E.3-6.UGGAG-CGAUGAAA.0.pdb,,,
CGAUGAAA_UGGAG,A,10,WC,cWW,A-U,1,1,TWOWAY.3V7E.3-6.UGGAG-CGAUGAAA.0.pdb,,,
CGAUGAAA_UGGAG,A,18,NON-WC,tSH,A-G,1,1,TWOWAY.3V7E.3-6.UGGAG-CGAUGAAA.0.pdb,,,
CGAUGAAA_UGGAG,C,3,WC,cWW,C-G,1,1,TWOWAY.3V7E.3-6.UGGAG-CGAUGAAA.0.pdb,,,
CGAUGAAA_UGGAG,A,5,NON-WC,lone_flipped_in,-,0,0,TWOWAY.3V7E.3-6.UGGAG-CGAUGAAA.1.pdb,,,
CGAUGAAA_UGGAG,A,8,NON-WC,tSH,A-G,1,1,TWOWAY.3V7E.3-6.UGGAG-CGAUGAAA.1.pdb,,,
CGAUGAAA_UGGAG,A,9,NON-WC,tSH,A-G,1,1,TWOWAY.3V7E.3-6.UGGAG-CGAUGAAA.1.pdb,,,
CGAUGAAA_UGGAG,A,10,WC,cWW,A-U,1,1,TWOWAY.3V7E.3-6.UGGAG-CGAUGAAA.1.pdb,,,
CGAUGAAA_UGGAG,A,18,NON-WC,tSH,A-G,1,1,TWOWAY.3V7E.3-6.UGGAG-CGAUGAAA.1.pdb,,,
CGAUGAAA_UGGAG,C,3,WC,cWW,C-G,1,1,TWOWAY.3V7E.3-6.UGGAG-CGAUGAAA.1.pdb,,,
CGAUGAG_CGAG,A,16,NON-WC,tSH,A-G,1,1,NWAY.4LCK.1-2-2.GAG-CGAU-CGAG.0.pdb,,,
CGAUGAG_CGAG,A,5,NON-WC,lone_flipped_in,-,0,0,NWAY.4LCK.1-2-2.GAG-CGAU-CGAG.0.pdb,,,
CGAUGAG_CGAG,A,8,NON-WC,tSH,A-G,1,1,NWAY.4LCK.1-2-2.GAG-CGAU-CGAG.0.pdb,,,
CGAUGAG_CGAG,C,14,WC,cWW,C-G,1,1,NWAY.4LCK.1-2-2.GAG-CGAU-CGAG.0.pdb,,,
CGAUGAG_CGAG,C,3,WC,cWW,C-G,1,1,NWAY.4LCK.1-2-2.GAG-CGAU-CGAG.0.pdb,,,
CGCAAG_CGCAAG,A,6,NON-WC,cWW_p,A-C,1,1,TWOWAY.6O5F.4-4.CGCAAG-CGCAAG.0.pdb,,,
CGCAAG_CGCAAG,A,7,NON-WC,cWW,A-G,1,1,TWOWAY.6O5F.4-4.CGCAAG-CGCAAG.0.pdb,,,
CGCAAG_CGCAAG,A,16,NON-WC,cWW_p,A-C,1,1,TWOWAY.6O5F.4-4.CGCAAG-CGCAAG.0.pdb,,,
CGCAAG_CGCAAG,A,17,NON-WC,cWH,A-G,1,1,TWOWAY.6O5F.4-4.CGCAAG-CGCAAG.0.pdb,,,
CGCAAG_CGCAAG,C,3,WC,cWW,C-G,1,1,TWOWAY.6O5F.4-4.CGCAAG-CGCAAG.0.pdb,,,
CGCAAG_CGCAAG,C,5,NON-WC,cWW_p,C-A,1,1,TWOWAY.6O5F.4-4.CGCAAG-CGCAAG.0.pdb,,,
CGCAAG_CGCAAG,C,13,WC,cWW,C-G,1,1,TWOWAY.6O5F.4-4.CGCAAG-CGCAAG.0.pdb,,,
CGCAAG_CGCAAG,C,15,NON-WC,cWW_p,C-A,1,1,TWOWAY.6O5F.4-4.CGCAAG-CGCAAG.0.pdb,,,
CGU_GAG,A,11,NON-WC,cWW,A-G,1,1,TWOWAY.4AOB.1-1.GAG-CGU.0.pdb,,,
CGU_GAG,C,3,WC,cWW,C-G,1,1,TWOWAY.4AOB.1-1.GAG-CGU.0.pdb,,,
CGUAAG_UGAAG,A,15,NON-WC,lone_flipped_in,-,0,0,TWOWAY.6SPB.3-4.UGAAG-CGUAAG.0.pdb,,,
CGUAAG_UGAAG,A,16,NON-WC,tSH,A-G,1,1,TWOWAY.6SPB.3-4.UGAAG-CGUAAG.0.pdb,,,
CGUAAG_UGAAG,A,6,NON-WC,lone_flipped_in,-,0,0,TWOWAY.6SPB.3-4.UGAAG-CGUAAG.0.pdb,,,
CGUAAG_UGAAG,A,7,NON-WC,tSH,A-G,1,1,TWOWAY.6SPB.3-4.UGAAG-CGUAAG.0.pdb,,,
CGUAAG_UGAAG,C,3,WC,cWW,C-G,1,1,TWOWAY.6SPB.3-4.UGAAG-CGUAAG.0.pdb,,,
CGUUC_GUAG,A,14,NON-WC,tSH,A-G,1,1,NWAY.5XPA.2-6--1.DADG-DGDTGUUC-C.0.pdb,,,
CGUUC_GUAG,C,3,WC,cWW,C-G,1,1,NWAY.5XPA.2-6--1.DADG-DGDTGUUC-C.0.pdb,,,
CGUUC_GUAG,C,7,WC,cWW,C-G,1,1,NWAY.5XPA.2-6--1.DADG-DGDTGUUC-C.0.pdb,,,
CGUUGAAA_UGGAG,A,8,NON-WC,lone_flipped_in,-,0,0,TWOWAY.4IOA.3-6.UGGAG-CGUUGAAA.0.pdb,,,
CGUUGAAA_UGGAG,A,9,NON-WC,tSH,A-G,1,1,TWOWAY.4IOA.3-6.UGGAG-CGUUGAAA.0.pdb,,,
CGUUGAAA_UGGAG,A,10,WC,cWW,A-U,1,1,TWOWAY.4IOA.3-6.UGGAG-CGUUGAAA.0.pdb,,,
CGUUGAAA_UGGAG,A,18,NON-WC,tSS,A-G,1,1,TWOWAY.4IOA.3-6.UGGAG-CGUUGAAA.0.pdb,,,
CGUUGAAA_UGGAG,C,3,WC,cWW,C-G,1,1,TWOWAY.4IOA.3-6.UGGAG-CGUUGAAA.0.pdb,,,
CUAAC_GGACG,A,14,NON-WC,tSH,A-A,1,1,TWOWAY.3IGI.3-3.GGACG-CUAAC.0.pdb,,,
CUAAC_GGACG,A,5,NON-WC,tSH,A-A,1,1,TWOWAY.3IGI.3-3.GGACG-CUAAC.0.pdb,,,
CUAAC_GGACG,A,6,NON-WC,tSH,A-G,1,1,TWOWAY.3IGI.3-3.GGACG-CUAAC.0.pdb,,,
CUAAC_GGACG,C,15,NON-WC,cWS,C-U,1,1,TWOWAY.3IGI.3-3.GGACG-CUAAC.0.pdb,,,
CUAAC_GGACG,C,3,WC,cWW,C-G,1,1,TWOWAY.3IGI.3-3.GGACG-CUAAC.0.pdb,,,
CUAAC_GGACG,C,7,WC,cWW,C-G,1,1,TWOWAY.3IGI.3-3.GGACG-CUAAC.0.pdb,,,
CUAAG_UAUG,A,5,NON-WC,cSH,A-A,1,1,NWAY.4PCJ.1-2-0.AAG-UAUG-CU.0.pdb,,,
CUAAG_UAUG,A,6,NON-WC,cSH,A-A,1,1,NWAY.4PCJ.1-2-0.AAG-UAUG-CU.0.pdb,,,
CUAAG_UAUG,A,13,NON-WC,cWH,A-U,1,1,NWAY.4PCJ.1-2-0.AAG-UAUG-CU.0.pdb,,,
CUAAG_UAUG,C,3,WC,cWW,C-G,1,1,NWAY.4PCJ.1-2-0.AAG-UAUG-CU.0.pdb,,,
CUAAG_UAUG,A,5,NON-WC,cSH,A-A,1,1,NWAY.5VCI.1-0-2.AAG-CU-UAUG.0.pdb,,,
CUAAG_UAUG,A,6,NON-WC,cSH,A-A,1,1,NWAY.5VCI.1-0-2.AAG-CU-UAUG.0.pdb,,,
CUAAG_UAUG,A,13,NON-WC,cWH,A-U,1,1,NWAY.5VCI.1-0-2.AAG-CU-UAUG.0.pdb,,,
CUAAG_UAUG,C,3,WC,cWW,C-G,1,1,NWAY.5VCI.1-0-2.AAG-CU-UAUG.0.pdb,,,
CUAAG_UAUG,A,5,NON-WC,cSH,A-A,1,1,NWAY.5Y7M.0-2--1--1--1.UA-CUAA-U-G-G.0.pdb,,,
CUAAG_UAUG,A,6,NON-WC,cSH,A-A,1,1,NWAY.5Y7M.0-2--1--1--1.UA-CUAA-U-G-G.0.pdb,,,
CUAAG_UAUG,A,13,NON-WC,cWH,A-U,1,1,NWAY.5Y7M.0-2--1--1--1.UA-CUAA-U-G-G.0.pdb,,,
CUAAG_UAUG,C,3,WC,cWW,C-G,1,1,NWAY.5Y7M.0-2--1--1--1.UA-CUAA-U-G-G.0.pdb,,,
CUAAG_UAUG,A,5,NON-WC,cSH,A-A,1,1,TWOWAY.1KXK.3-2.CUAAG-UAUG.0.pdb,,,
CUAAG_UAUG,A,6,NON-WC,cSH,A-A,1,1,TWOWAY.1KXK.3-2.CUAAG-UAUG.0.pdb,,,
CUAAG_UAUG,A,13,NON-WC,cWH,A-U,1,1,TWOWAY.1KXK.3-2.CUAAG-UAUG.0.pdb,,,
CUAAG_UAUG,C,3,WC,cWW,C-G,1,1,TWOWAY.1KXK.3-2.CUAAG-UAUG.0.pdb,,,
CUAAG_UAUG,A,5,NON-WC,cSH,A-A,1,1,TWOWAY.3IGI.2-3.UAUG-CUAAG.0.pdb,,,
CUAAG_UAUG,A,6,NON-WC,cSH,A-A,1,1,TWOWAY.3IGI.2-3.UAUG-CUAAG.0.pdb,,,
CUAAG_UAUG,A,13,NON-WC,cWH,A-U,1,1,TWOWAY.3IGI.2-3.UAUG-CUAAG.0.pdb,,,
CUAAG_UAUG,C,3,WC,cWW,C-G,1,1,TWOWAY.3IGI.2-3.UAUG-CUAAG.0.pdb,,,
CUAAG_UAUG,A,5,NON-WC,cSH,A-A,1,1,TWOWAY.4K27.3-2.CUAAG-UAUG.0.pdb,,,
CUAAG_UAUG,A,6,NON-WC,cSH,A-A,1,1,TWOWAY.4K27.3-2.CUAAG-UAUG.0.pdb,,,
CUAAG_UAUG,A,13,NON-WC,cWH,A-U,1,1,TWOWAY.4K27.3-2.CUAAG-UAUG.0.pdb,,,
CUAAG_UAUG,C,3,WC,cWW,C-G,1,1,TWOWAY.4K27.3-2.CUAAG-UAUG.0.pdb,,,
CUAAG_UAUG,A,5,NON-WC,cSH,A-A,1,1,TWOWAY.5BTM.3-2.CUAAG-UAUG.0.pdb,,,
CUAAG_UAUG,A,6,NON-WC,cSH,A-A,1,1,TWOWAY.5BTM.3-2.CUAAG-UAUG.0.pdb,,,
CUAAG_UAUG,A,13,NON-WC,cWH,A-U,1,1,TWOWAY.5BTM.3-2.CUAAG-UAUG.0.pdb,,,
CUAAG_UAUG,C,3,WC,cWW,C-G,1,1,TWOWAY.5BTM.3-2.CUAAG-UAUG.0.pdb,,,
CUAAG_UAUG,A,5,NON-WC,cSH,A-A,1,1,TWOWAY.5M0H.3-2.CUAAG-UAUG.0.pdb,,,
CUAAG_UAUG,A,6,NON-WC,cSH,A-A,1,1,TWOWAY.5M0H.3-2.CUAAG-UAUG.0.pdb,,,
CUAAG_UAUG,A,13,NON-WC,cWH,A-U,1,1,TWOWAY.5M0H.3-2.CUAAG-UAUG.0.pdb,,,
CUAAG_UAUG,C,3,WC,cWW,C-G,1,1,TWOWAY.5M0H.3-2.CUAAG-UAUG.0.pdb,,,
CUAAG_UAUG,A,5,NON-WC,cSH,A-A,1,1,TWOWAY.6AZ4.3-2.CUAAG-UAUG.0.pdb,,,
CUAAG_UAUG,A,6,NON-WC,cSH,A-A,1,1,TWOWAY.6AZ4.3-2.CUAAG-UAUG.0.pdb,,,
CUAAG_UAUG,A,13,NON-WC,cWH,A-U,1,1,TWOWAY.6AZ4.3-2.CUAAG-UAUG.0.pdb,,,
CUAAG_UAUG,C,3,WC,cWW,C-G,1,1,TWOWAY.6AZ4.3-2.CUAAG-UAUG.0.pdb,,,
CUAAG_UAUG,A,5,NON-WC,cSH,A-A,1,1,TWOWAY.6WPI.3-2.CUAAG-UAUG.0.pdb,,,
CUAAG_UAUG,A,6,NON-WC,cSH,A-A,1,1,TWOWAY.6WPI.3-2.CUAAG-UAUG.0.pdb,,,
CUAAG_UAUG,A,13,NON-WC,cWH,A-U,1,1,TWOWAY.6WPI.3-2.CUAAG-UAUG.0.pdb,,,
CUAAG_UAUG,C,3,WC,cWW,C-G,1,1,TWOWAY.6WPI.3-2.CUAAG-UAUG.0.pdb,,,
CUACC_GAUG,A,5,NON-WC,lone_flipped_out,-,0,0,TWOWAY.1FJG.3-2.CUACC-GAUG.0.pdb,,,
CUACC_GAUG,A,13,NON-WC,lone_flipped_in,-,0,0,TWOWAY.1FJG.3-2.CUACC-GAUG.0.pdb,,,
CUACC_GAUG,C,3,WC,cWW,C-G,1,1,TWOWAY.1FJG.3-2.CUACC-GAUG.0.pdb,,,
CUACC_GAUG,C,6,NON-WC,lone_flipped_out,-,0,0,TWOWAY.1FJG.3-2.CUACC-GAUG.0.pdb,,,
CUACC_GAUG,C,7,WC,cWW,C-G,1,1,TWOWAY.1FJG.3-2.CUACC-GAUG.0.pdb,,,
CUACC_GAUG,A,5,NON-WC,lone_flipped_out,-,0,0,TWOWAY.1HNW.3-2.CUACC-GAUG.0.pdb,,,
CUACC_GAUG,A,13,NON-WC,lone_flipped_in,-,0,0,TWOWAY.1HNW.3-2.CUACC-GAUG.0.pdb,,,
CUACC_GAUG,C,3,WC,cWW,C-G,1,1,TWOWAY.1HNW.3-2.CUACC-GAUG.0.pdb,,,
CUACC_GAUG,C,6,NON-WC,lone_flipped_out,-,0,0,TWOWAY.1HNW.3-2.CUACC-GAUG.0.pdb,,,
CUACC_GAUG,C,7,WC,cWW,C-G,1,1,TWOWAY.1HNW.3-2.CUACC-GAUG.0.pdb,,,
CUACC_GAUG,A,5,NON-WC,lone_flipped_out,-,0,0,TWOWAY.1N32.3-2.CUACC-GAUG.0.pdb,,,
CUACC_GAUG,A,13,NON-WC,lone_flipped_in,-,0,0,TWOWAY.1N32.3-2.CUACC-GAUG.0.pdb,,,
CUACC_GAUG,C,3,WC,cWW,C-G,1,1,TWOWAY.1N32.3-2.CUACC-GAUG.0.pdb,,,
CUACC_GAUG,C,6,NON-WC,lone_flipped_out,-,0,0,TWOWAY.1N32.3-2.CUACC-GAUG.0.pdb,,,
CUACC_GAUG,C,7,WC,cWW,C-G,1,1,TWOWAY.1N32.3-2.CUACC-GAUG.0.pdb,,,
CUACC_GAUG,A,5,NON-WC,lone_flipped_out,-,0,0,TWOWAY.1N33.3-2.CUACC-GAUG.0.pdb,,,
CUACC_GAUG,A,13,NON-WC,lone_flipped_in,-,0,0,TWOWAY.1N33.3-2.CUACC-GAUG.0.pdb,,,
CUACC_GAUG,C,3,WC,cWW,C-G,1,1,TWOWAY.1N33.3-2.CUACC-GAUG.0.pdb,,,
CUACC_GAUG,C,6,NON-WC,lone_flipped_out,-,0,0,TWOWAY.1N33.3-2.CUACC-GAUG.0.pdb,,,
CUACC_GAUG,C,7,WC,cWW,C-G,1,1,TWOWAY.1N33.3-2.CUACC-GAUG.0.pdb,,,
CUACC_GAUG,A,5,NON-WC,lone_flipped_out,-,0,0,TWOWAY.1XNQ.3-2.CUACC-GAUG.0.pdb,,,
CUACC_GAUG,A,13,NON-WC,lone_flipped_in,-,0,0,TWOWAY.1XNQ.3-2.CUACC-GAUG.0.pdb,,,
CUACC_GAUG,C,3,WC,cWW,C-G,1,1,TWOWAY.1XNQ.3-2.CUACC-GAUG.0.pdb,,,
CUACC_GAUG,C,6,NON-WC,lone_flipped_out,-,0,0,TWOWAY.1XNQ.3-2.CUACC-GAUG.0.pdb,,,
CUACC_GAUG,C,7,WC,cWW,C-G,1,1,TWOWAY.1XNQ.3-2.CUACC-GAUG.0.pdb,,,
CUACC_GAUG,A,5,NON-WC,lone_flipped_out,-,0,0,TWOWAY.1XNR.3-2.CUACC-GAUG.0.pdb,,,
CUACC_GAUG,A,13,NON-WC,lone_flipped_in,-,0,0,TWOWAY.1XNR.3-2.CUACC-GAUG.0.pdb,,,
CUACC_GAUG,C,3,WC,cWW,C-G,1,1,TWOWAY.1XNR.3-2.CUACC-GAUG.0.pdb,,,
CUACC_GAUG,C,6,NON-WC,lone_flipped_out,-,0,0,TWOWAY.1XNR.3-2.CUACC-GAUG.0.pdb,,,
CUACC_GAUG,C,7,WC,cWW,C-G,1,1,TWOWAY.1XNR.3-2.CUACC-GAUG.0.pdb,,,
CUACC_GAUG,A,5,NON-WC,lone_flipped_out,-,0,0,TWOWAY.2UXB.3-2.CUACC-GAUG.0.pdb,,,
CUACC_GAUG,A,13,NON-WC,lone_flipped_in,-,0,0,TWOWAY.2UXB.3-2.CUACC-GAUG.0.pdb,,,
CUACC_GAUG,C,3,WC,cWW,C-G,1,1,TWOWAY.2UXB.3-2.CUACC-GAUG.0.pdb,,,
CUACC_GAUG,C,6,NON-WC,lone_flipped_out,-,0,0,TWOWAY.2UXB.3-2.CUACC-GAUG.0.pdb,,,
CUACC_GAUG,C,7,WC,cWW,C-G,1,1,TWOWAY.2UXB.3-2.CUACC-GAUG.0.pdb,,,
CUACC_GAUG,A,5,NON-WC,lone_flipped_out,-,0,0,TWOWAY.2UXC.3-2.CUACC-GAUG.0.pdb,,,
CUACC_GAUG,A,13,NON-WC,lone_flipped_in,-,0,0,TWOWAY.2UXC.3-2.CUACC-GAUG.0.pdb,,,
CUACC_GAUG,C,3,WC,cWW,C-G,1,1,TWOWAY.2UXC.3-2.CUACC-GAUG.0.pdb,,,
CUACC_GAUG,C,6,NON-WC,lone_flipped_out,-,0,0,TWOWAY.2UXC.3-2.CUACC-GAUG.0.pdb,,,
CUACC_GAUG,C,7,WC,cWW,C-G,1,1,TWOWAY.2UXC.3-2.CUACC-GAUG.0.pdb,,,
CUACC_GAUG,A,5,NON-WC,lone_flipped_out,-,0,0,TWOWAY.2UXD.3-2.CUACC-GAUG.0.pdb,,,
CUACC_GAUG,A,13,NON-WC,lone_flipped_in,-,0,0,TWOWAY.2UXD.3-2.CUACC-GAUG.0.pdb,,,
CUACC_GAUG,C,3,WC,cWW,C-G,1,1,TWOWAY.2UXD.3-2.CUACC-GAUG.0.pdb,,,
CUACC_GAUG,C,6,NON-WC,lone_flipped_out,-,0,0,TWOWAY.2UXD.3-2.CUACC-GAUG.0.pdb,,,
CUACC_GAUG,C,7,WC,cWW,C-G,1,1,TWOWAY.2UXD.3-2.CUACC-GAUG.0.pdb,,,
CUACC_GAUG,A,5,NON-WC,lone_flipped_out,-,0,0,TWOWAY.4B3R.3-2.CUACC-GAUG.0.pdb,,,
CUACC_GAUG,A,13,NON-WC,lone_flipped_in,-,0,0,TWOWAY.4B3R.3-2.CUACC-GAUG.0.pdb,,,
CUACC_GAUG,C,3,WC,cWW,C-G,1,1,TWOWAY.4B3R.3-2.CUACC-GAUG.0.pdb,,,
CUACC_GAUG,C,6,NON-WC,lone_flipped_out,-,0,0,TWOWAY.4B3R.3-2.CUACC-GAUG.0.pdb,,,
CUACC_GAUG,C,7,WC,cWW,C-G,1,1,TWOWAY.4B3R.3-2.CUACC-GAUG.0.pdb,,,
CUACC_GAUG,A,5,NON-WC,lone_flipped_out,-,0,0,TWOWAY.4JYA.3-2.CUACC-GAUG.0.pdb,,,
CUACC_GAUG,A,13,NON-WC,lone_flipped_in,-,0,0,TWOWAY.4JYA.3-2.CUACC-GAUG.0.pdb,,,
CUACC_GAUG,C,3,WC,cWW,C-G,1,1,TWOWAY.4JYA.3-2.CUACC-GAUG.0.pdb,,,
CUACC_GAUG,C,6,NON-WC,lone_flipped_out,-,0,0,TWOWAY.4JYA.3-2.CUACC-GAUG.0.pdb,,,
CUACC_GAUG,C,7,WC,cWW,C-G,1,1,TWOWAY.4JYA.3-2.CUACC-GAUG.0.pdb,,,
CUACC_GAUG,A,5,NON-WC,lone_flipped_out,-,0,0,TWOWAY.4KHP.3-2.CUACC-GAUG.0.pdb,,,
CUACC_GAUG,A,13,NON-WC,lone_flipped_in,-,0,0,TWOWAY.4KHP.3-2.CUACC-GAUG.0.pdb,,,
CUACC_GAUG,C,3,WC,cWW,C-G,1,1,TWOWAY.4KHP.3-2.CUACC-GAUG.0.pdb,,,
CUACC_GAUG,C,6,NON-WC,lone_flipped_out,-,0,0,TWOWAY.4KHP.3-2.CUACC-GAUG.0.pdb,,,
CUACC_GAUG,C,7,WC,cWW,C-G,1,1,TWOWAY.4KHP.3-2.CUACC-GAUG.0.pdb,,,
CUACC_GAUG,A,5,NON-WC,lone_flipped_out,-,0,0,TWOWAY.6SWD.3-2.CUACC-GAUG.0.pdb,,,
CUACC_GAUG,A,13,NON-WC,lone_flipped_in,-,0,0,TWOWAY.6SWD.3-2.CUACC-GAUG.0.pdb,,,
CUACC_GAUG,C,3,WC,cWW,C-G,1,1,TWOWAY.6SWD.3-2.CUACC-GAUG.0.pdb,,,
CUACC_GAUG,C,6,NON-WC,lone_flipped_out,-,0,0,TWOWAY.6SWD.3-2.CUACC-GAUG.0.pdb,,,
CUACC_GAUG,C,7,WC,cWW,C-G,1,1,TWOWAY.6SWD.3-2.CUACC-GAUG.0.pdb,,,
CUCC_GUG,C,3,WC,cWW,C-G,1,1,TWOWAY.3PDR.1-2.GUG-CUCC.1.pdb,,,
CUCC_GUG,C,5,NON-WC,cSH,C-U,1,2,TWOWAY.3PDR.1-2.GUG-CUCC.1.pdb,,,
CUCC_GUG,C,5,NON-WC,cWS,C-U,1,2,TWOWAY.3PDR.1-2.GUG-CUCC.1.pdb,,,
CUCC_GUG,C,6,WC,cWW,C-G,1,1,TWOWAY.3PDR.1-2.GUG-CUCC.1.pdb,,,
CUGAC_GGAUG,A,6,NON-WC,tSH,A-G,1,1,TWOWAY.7JQC.3-3.CUGAC-GGAUG.0.pdb,,,
CUGAC_GGAUG,A,14,NON-WC,tSH,A-G,1,1,TWOWAY.7JQC.3-3.CUGAC-GGAUG.0.pdb,,,
CUGAC_GGAUG,C,3,WC,cWW,C-G,1,1,TWOWAY.7JQC.3-3.CUGAC-GGAUG.0.pdb,,,
CUGAC_GGAUG,C,7,WC,cWW,C-G,1,1,TWOWAY.7JQC.3-3.CUGAC-GGAUG.0.pdb,,,
CUGCC_GAUG,A,13,NON-WC,lone_flipped_in,-,0,0,TWOWAY.5O5J.3-2.CUGCC-GAUG.0.pdb,,,
CUGCC_GAUG,C,3,WC,cWW,C-G,1,1,TWOWAY.5O5J.3-2.CUGCC-GAUG.0.pdb,,,
CUGCC_GAUG,C,6,NON-WC,lone_flipped_out,-,0,0,TWOWAY.5O5J.3-2.CUGCC-GAUG.0.pdb,,,
CUGCC_GAUG,C,7,WC,cWW,C-G,1,1,TWOWAY.5O5J.3-2.CUGCC-GAUG.0.pdb,,,
GAA_UAC,A,4,NON-WC,cWH,A-A,1,1,NWAY.3HOY.2-0-2-0.DADA-DG-DADC-DT.0.pdb,,,
GAA_UAC,A,5,WC,cWW,A-U,1,1,NWAY.3HOY.2-0-2-0.DADA-DG-DADC-DT.0.pdb,,,
GAA_UAC,A,11,NON-WC,cWH,A-A,1,1,NWAY.3HOY.2-0-2-0.DADA-DG-DADC-DT.0.pdb,,,
GAA_UAC,C,12,WC,cWW,C-G,1,1,NWAY.3HOY.2-0-2-0.DADA-DG-DADC-DT.0.pdb,,,
GAA_UC,A,4,NON-WC,lone_flipped_out,-,0,0,TWOWAY.2VPL.0-1.UC-GAA.0.pdb,,,
GAA_UC,A,5,WC,cWW,A-U,1,1,TWOWAY.2VPL.0-1.UC-GAA.0.pdb,,,
GAA_UC,C,11,WC,cWW,C-G,1,1,TWOWAY.2VPL.0-1.UC-GAA.0.pdb,,,
GAA_UC,A,4,NON-WC,lone_flipped_out,-,0,0,TWOWAY.6WPI.1-0.GAA-UC.0.pdb,,,
GAA_UC,A,5,WC,cWW,A-U,1,1,TWOWAY.6WPI.1-0.GAA-UC.0.pdb,,,
GAA_UC,C,11,WC,cWW,C-G,1,1,TWOWAY.6WPI.1-0.GAA-UC.0.pdb,,,
GAA_UC,A,4,NON-WC,lone_flipped_in,-,0,0,TWOWAY.6YS3.0-1.UC-GAA.0.pdb,,,
GAA_UC,A,5,WC,cWW,A-U,1,1,TWOWAY.6YS3.0-1.UC-GAA.0.pdb,,,
GAA_UC,C,11,WC,cWW,C-G,1,1,TWOWAY.6YS3.0-1.UC-GAA.0.pdb,,,
GAA_UCC,A,4,NON-WC,cWW,A-C,1,1,TWOWAY.4P95.1-1.GAA-UCC.0.pdb,,,
GAA_UCC,A,5,WC,cWW,A-U,1,1,TWOWAY.4P95.1-1.GAA-UCC.0.pdb,,,
GAA_UCC,C,11,NON-WC,cWW,C-A,1,1,TWOWAY.4P95.1-1.GAA-UCC.0.pdb,,,
GAA_UCC,C,12,WC,cWW,C-G,1,1,TWOWAY.4P95.1-1.GAA-UCC.0.pdb,,,
GAA_UCC,A,4,NON-WC,cWW,A-C,1,1,TWOWAY.5XYI.1-1.GAA-UCC.0.pdb,,,
GAA_UCC,A,5,WC,cWW,A-U,1,1,TWOWAY.5XYI.1-1.GAA-UCC.0.pdb,,,
GAA_UCC,C,11,NON-WC,cWW,C-A,1,1,TWOWAY.5XYI.1-1.GAA-UCC.0.pdb,,,
GAA_UCC,C,12,WC,cWW,C-G,1,1,TWOWAY.5XYI.1-1.GAA-UCC.0.pdb,,,
GAAAU_ACAC,A,12,WC,cWW,A-U,1,1,TWOWAY.4YAZ.2-3.ACAC-GAAAU.1.pdb,,,
GAAAU_ACAC,A,14,NON-WC,tWS,A-A,1,1,TWOWAY.4YAZ.2-3.ACAC-GAAAU.1.pdb,,,
GAAAU_ACAC,A,4,NON-WC,cSH,A-G,1,1,TWOWAY.4YAZ.2-3.ACAC-GAAAU.1.pdb,,,
GAAAU_ACAC,A,5,NON-WC,cWS,A-C,1,1,TWOWAY.4YAZ.2-3.ACAC-GAAAU.1.pdb,,,
GAAAU_ACAC,A,6,NON-WC,tWS,A-A,1,1,TWOWAY.4YAZ.2-3.ACAC-GAAAU.1.pdb,,,
GAAAU_ACAC,C,13,NON-WC,lone_flipped_out,-,0,0,TWOWAY.4YAZ.2-3.ACAC-GAAAU.1.pdb,,,
GAAAU_ACAC,C,15,WC,cWW,C-G,1,2,TWOWAY.4YAZ.2-3.ACAC-GAAAU.1.pdb,,,
GAAAU_ACAC,C,15,WC,cWS,C-A,1,2,TWOWAY.4YAZ.2-3.ACAC-GAAAU.1.pdb,,,
GAACC_GUCCC,A,4,NON-WC,lone_flipped_in,-,0,0,TWOWAY.5XYM.3-3.GUCCC-GAACC.0.pdb,,,
GAACC_GUCCC,A,5,NON-WC,lone_flipped_in,-,0,0,TWOWAY.5XYM.3-3.GUCCC-GAACC.0.pdb,,,
GAACC_GUCCC,C,6,NON-WC,cWS,C-G,1,1,TWOWAY.5XYM.3-3.GUCCC-GAACC.0.pdb,,,
GAACC_GUCCC,C,7,WC,cWW,C-G,1,1,TWOWAY.5XYM.3-3.GUCCC-GAACC.0.pdb,,,
GAACC_GUCCC,C,14,NON-WC,lone_flipped_out,-,0,0,TWOWAY.5XYM.3-3.GUCCC-GAACC.0.pdb,,,
GAACC_GUCCC,C,15,NON-WC,cWS,C-G,1,2,TWOWAY.5XYM.3-3.GUCCC-GAACC.0.pdb,,,
GAACC_GUCCC,C,16,WC,cWW,C-G,1,1,TWOWAY.5XYM.3-3.GUCCC-GAACC.0.pdb,,,
GAACUAC_GC,A,4,NON-WC,lone,-,0,0,TWOWAY.2PN3.5-0.GAACUAC-GC.0.pdb,,,
GAACUAC_GC,A,5,NON-WC,lone,-,0,0,TWOWAY.2PN3.5-0.GAACUAC-GC.0.pdb,,,
GAACUAC_GC,A,8,NON-WC,lone,-,2,0,TWOWAY.2PN3.5-0.GAACUAC-GC.0.pdb,,,
GAACUAC_GC,C,15,WC,cWW,C-G,1,1,TWOWAY.2PN3.5-0.GAACUAC-GC.0.pdb,,,
GAACUAC_GC,C,6,NON-WC,lone,-,0,0,TWOWAY.2PN3.5-0.GAACUAC-GC.0.pdb,,,
GAACUAC_GC,C,9,WC,cWW,C-G,1,1,TWOWAY.2PN3.5-0.GAACUAC-GC.0.pdb,,,
GAACUAC_GC,A,4,NON-WC,lone,-,0,0,TWOWAY.3P59.5-0.GAACUAC-GC.0.pdb,,,
GAACUAC_GC,A,5,NON-WC,lone,-,0,0,TWOWAY.3P59.5-0.GAACUAC-GC.0.pdb,,,
GAACUAC_GC,A,8,NON-WC,lone,-,2,0,TWOWAY.3P59.5-0.GAACUAC-GC.0.pdb,,,
GAACUAC_GC,C,15,WC,cWW,C-G,1,1,TWOWAY.3P59.5-0.GAACUAC-GC.0.pdb,,,
GAACUAC_GC,C,6,NON-WC,lone,-,0,0,TWOWAY.3P59.5-0.GAACUAC-GC.0.pdb,,,
GAACUAC_GC,C,9,WC,cWW,C-G,1,1,TWOWAY.3P59.5-0.GAACUAC-GC.0.pdb,,,
GAACUAC_GC,A,4,NON-WC,lone,-,0,0,TWOWAY.3TZR.5-0.GAACUAC-GC.0.pdb,,,
GAACUAC_GC,A,5,NON-WC,lone,-,0,0,TWOWAY.3TZR.5-0.GAACUAC-GC.0.pdb,,,
GAACUAC_GC,A,8,NON-WC,cWS,A-C,2,1,TWOWAY.3TZR.5-0.GAACUAC-GC.0.pdb,,,
GAACUAC_GC,C,15,WC,cWW,C-G,1,2,TWOWAY.3TZR.5-0.GAACUAC-GC.0.pdb,,,
GAACUAC_GC,C,15,WC,cWS,C-A,1,2,TWOWAY.3TZR.5-0.GAACUAC-GC.0.pdb,,,
GAACUAC_GC,C,6,NON-WC,lone,-,0,0,TWOWAY.3TZR.5-0.GAACUAC-GC.0.pdb,,,
GAACUAC_GC,C,9,WC,cWW,C-G,1,1,TWOWAY.3TZR.5-0.GAACUAC-GC.0.pdb,,,
GAAG_CAC,A,12,NON-WC,cWW,A-A,1,1,TWOWAY.6DME.1-2.CAC-GAAG.0.pdb,,,
GAAG_CAC,A,4,NON-WC,cWW,A-A,1,1,TWOWAY.6DME.1-2.CAC-GAAG.0.pdb,,,
GAAG_CAC,A,5,NON-WC,cSH,A-G,1,1,TWOWAY.6DME.1-2.CAC-GAAG.0.pdb,,,
GAAG_CAC,C,11,WC,cWW,C-G,1,1,TWOWAY.6DME.1-2.CAC-GAAG.0.pdb,,,
GAAG_CAC,C,13,WC,cWW,C-G,1,1,TWOWAY.6DME.1-2.CAC-GAAG.0.pdb,,,
GAAG_CC,A,4,NON-WC,lone_flipped_out,-,4,0,TWOWAY.1MJI.0-2.CC-GAAG.0.pdb,,,
GAAG_CC,A,5,NON-WC,lone_flipped_out,-,4,0,TWOWAY.1MJI.0-2.CC-GAAG.0.pdb,,,
GAAG_CC,C,11,WC,cWW,C-G,1,1,TWOWAY.1MJI.0-2.CC-GAAG.0.pdb,,,
GAAG_CC,C,12,WC,cWW,C-G,1,1,TWOWAY.1MJI.0-2.CC-GAAG.0.pdb,,,
GAAG_CC,A,4,NON-WC,cSH,A-A,4,1,TWOWAY.5XYM.2-0.GAAG-CC.0.pdb,,,
GAAG_CC,A,5,NON-WC,cSH,A-A,4,1,TWOWAY.5XYM.2-0.GAAG-CC.0.pdb,,,
GAAG_CC,C,11,WC,cWW,C-G,1,1,TWOWAY.5XYM.2-0.GAAG-CC.0.pdb,,,
GAAG_CC,C,12,WC,cWW,C-G,1,1,TWOWAY.5XYM.2-0.GAAG-CC.0.pdb,,,
GAAG_CC,A,4,NON-WC,cSH,A-A,4,1,TWOWAY.6SPB.0-2.CC-GAAG.0.pdb,,,
GAAG_CC,A,5,NON-WC,cSH,A-A,4,1,TWOWAY.6SPB.0-2.CC-GAAG.0.pdb,,,
GAAG_CC,C,11,WC,cWW,C-G,1,1,TWOWAY.6SPB.0-2.CC-GAAG.0.pdb,,,
GAAG_CC,C,12,WC,cWW,C-G,1,1,TWOWAY.6SPB.0-2.CC-GAAG.0.pdb,,,
GAAG_CC,A,4,NON-WC,lone_flipped_in,-,4,0,TWOWAY.6SPB.2-0.GAAG-CC.0.pdb,,,
GAAG_CC,A,5,NON-WC,cSH,A-G,4,1,TWOWAY.6SPB.2-0.GAAG-CC.0.pdb,,,
GAAG_CC,C,11,WC,cWW,C-G,1,1,TWOWAY.6SPB.2-0.GAAG-CC.0.pdb,,,
GAAG_CC,C,12,WC,cWW,C-G,1,1,TWOWAY.6SPB.2-0.GAAG-CC.0.pdb,,,
GAAG_CC,A,4,NON-WC,lone_flipped_in,-,4,0,TWOWAY.6YS3.2-0.GAAG-CC.0.pdb,,,
GAAG_CC,A,5,NON-WC,lone_flipped_in,-,4,0,TWOWAY.6YS3.2-0.GAAG-CC.0.pdb,,,
GAAG_CC,C,11,WC,cWW,C-G,1,1,TWOWAY.6YS3.2-0.GAAG-CC.0.pdb,,,
GAAG_CC,C,12,WC,cWW,C-G,1,1,TWOWAY.6YS3.2-0.GAAG-CC.0.pdb,,,
GAAG_CC,A,4,NON-WC,cSH,A-A,4,1,TWOWAY.6YSI.0-2.CC-GAAG.0.pdb,,,
GAAG_CC,A,5,NON-WC,cSH,A-A,4,1,TWOWAY.6YSI.0-2.CC-GAAG.0.pdb,,,
GAAG_CC,C,11,WC,cWW,C-G,1,1,TWOWAY.6YSI.0-2.CC-GAAG.0.pdb,,,
GAAG_CC,C,12,WC,cWW,C-G,1,1,TWOWAY.6YSI.0-2.CC-GAAG.0.pdb,,,
GAAG_CCC,A,4,NON-WC,base triple,A-C-G,1,2,NWAY.7C7L.1-1--1.AAG-CCC-G.0.pdb,,,
GAAG_CCC,A,5,NON-WC,cWS,A-C,1,1,NWAY.7C7L.1-1--1.AAG-CCC-G.0.pdb,,,
GAAG_CCC,C,11,WC,cWW,C-G,1,1,NWAY.7C7L.1-1--1.AAG-CCC-G.0.pdb,,,
GAAG_CCC,C,12,NON-WC,lone_flipped_out,-,0,0,NWAY.7C7L.1-1--1.AAG-CCC-G.0.pdb,,,
GAAG_CCC,C,13,WC,cWS,C-A,1,2,NWAY.7C7L.1-1--1.AAG-CCC-G.0.pdb,,,
GAAG_CCC,C,13,WC,cWW,C-G,1,2,NWAY.7C7L.1-1--1.AAG-CCC-G.0.pdb,,,
GAAGAAG_CGUAAC,A,4,NON-WC,tSH,A-A,1,1,TWOWAY.1NJP.4-5.CGUAAC-GAAGAAG.0.pdb,,,
GAAGAAG_CGUAAC,A,5,NON-WC,tHH,A-A,1,1,TWOWAY.1NJP.4-5.CGUAAC-GAAGAAG.0.pdb,,,
GAAGAAG_CGUAAC,A,7,NON-WC,lone_flipped_in,-,0,0,TWOWAY.1NJP.4-5.CGUAAC-GAAGAAG.0.pdb,,,
GAAGAAG_CGUAAC,A,8,NON-WC,tSH,A-G,1,1,TWOWAY.1NJP.4-5.CGUAAC-GAAGAAG.0.pdb,,,
GAAGAAG_CGUAAC,A,17,NON-WC,tHH,A-A,1,1,TWOWAY.1NJP.4-5.CGUAAC-GAAGAAG.0.pdb,,,
GAAGAAG_CGUAAC,A,18,NON-WC,tSH,A-A,1,1,TWOWAY.1NJP.4-5.CGUAAC-GAAGAAG.0.pdb,,,
GAAGAAG_CGUAAC,C,14,WC,cWW,C-G,1,1,TWOWAY.1NJP.4-5.CGUAAC-GAAGAAG.0.pdb,,,
GAAGAAG_CGUAAC,C,19,WC,cWW,C-G,1,1,TWOWAY.1NJP.4-5.CGUAAC-GAAGAAG.0.pdb,,,
GAAU_AC,A,4,NON-WC,lone_flipped_out,-,0,0,NWAY.6D8A.0-2-0-0.AC-DADA-DG-DT.0.pdb,,,
GAAU_AC,A,5,NON-WC,lone_flipped_out,-,0,0,NWAY.6D8A.0-2-0-0.AC-DADA-DG-DT.0.pdb,,,
GAAU_AC,A,11,WC,cWW,A-U,1,1,NWAY.6D8A.0-2-0-0.AC-DADA-DG-DT.0.pdb,,,
GAAU_AC,C,12,WC,cWW,C-G,1,1,NWAY.6D8A.0-2-0-0.AC-DADA-DG-DT.0.pdb,,,
GAAU_AC,A,4,NON-WC,lone_flipped_out,-,0,0,TWOWAY.3J7A.0-2.AC-GAAU.0.pdb,,,
GAAU_AC,A,5,NON-WC,lone_flipped_in,-,0,0,TWOWAY.3J7A.0-2.AC-GAAU.0.pdb,,,
GAAU_AC,A,11,WC,cWW,A-U,1,1,TWOWAY.3J7A.0-2.AC-GAAU.0.pdb,,,
GAAU_AC,C,12,WC,cWW,C-G,1,1,TWOWAY.3J7A.0-2.AC-GAAU.0.pdb,,,
GAAU_AC,A,4,NON-WC,lone_flipped_out,-,0,0,TWOWAY.5XXU.0-2.AC-GAAU.0.pdb,,,
GAAU_AC,A,5,NON-WC,lone_flipped_in,-,0,0,TWOWAY.5XXU.0-2.AC-GAAU.0.pdb,,,
GAAU_AC,A,11,WC,cWW,A-U,1,1,TWOWAY.5XXU.0-2.AC-GAAU.0.pdb,,,
GAAU_AC,C,12,WC,cWW,C-G,1,1,TWOWAY.5XXU.0-2.AC-GAAU.0.pdb,,,
GAAU_AC,A,4,NON-WC,lone_flipped_out,-,0,0,TWOWAY.6OKK.0-2.AC-GAAU.0.pdb,,,
GAAU_AC,A,5,NON-WC,lone_flipped_in,-,0,0,TWOWAY.6OKK.0-2.AC-GAAU.0.pdb,,,
GAAU_AC,A,11,WC,cWW,A-U,1,1,TWOWAY.6OKK.0-2.AC-GAAU.0.pdb,,,
GAAU_AC,C,12,WC,cWW,C-G,1,1,TWOWAY.6OKK.0-2.AC-GAAU.0.pdb,,,
GAAU_AC,A,4,NON-WC,lone_flipped_in,-,0,0,TWOWAY.6ZVI.0-2.AC-GAAU.0.pdb,,,
GAAU_AC,A,5,NON-WC,lone_flipped_in,-,0,0,TWOWAY.6ZVI.0-2.AC-GAAU.0.pdb,,,
GAAU_AC,A,11,WC,cWW,A-U,1,1,TWOWAY.6ZVI.0-2.AC-GAAU.0.pdb,,,
GAAU_AC,C,12,WC,cWW,C-G,1,1,TWOWAY.6ZVI.0-2.AC-GAAU.0.pdb,,,
GAAU_AC,A,4,NON-WC,lone_flipped_in,-,0,0,TWOWAY.7JQC.0-2.AC-GAAU.0.pdb,,,
GAAU_AC,A,5,NON-WC,lone_flipped_in,-,0,0,TWOWAY.7JQC.0-2.AC-GAAU.0.pdb,,,
GAAU_AC,A,11,WC,cWW,A-U,1,1,TWOWAY.7JQC.0-2.AC-GAAU.0.pdb,,,
GAAU_AC,C,12,WC,cWW,C-G,1,1,TWOWAY.7JQC.0-2.AC-GAAU.0.pdb,,,
GAAU_AGC,A,11,WC,cWW,A-U,1,1,TWOWAY.6SPC.2-1.GAAU-AGC.0.pdb,,,
GAAU_AGC,A,4,NON-WC,cWW,A-G,1,1,TWOWAY.6SPC.2-1.GAAU-AGC.0.pdb,,,
GAAU_AGC,A,5,NON-WC,lone_flipped_out,-,0,0,TWOWAY.6SPC.2-1.GAAU-AGC.0.pdb,,,
GAAU_AGC,C,13,WC,cWW,C-G,1,1,TWOWAY.6SPC.2-1.GAAU-AGC.0.pdb,,,
GAC_GAC,A,4,NON-WC,cWW,A-A,1,1,TWOWAY.5H1K.1-1.GAC-GAC.0.pdb,,,
GAC_GAC,A,11,NON-WC,cWW,A-A,1,1,TWOWAY.5H1K.1-1.GAC-GAC.0.pdb,,,
GAC_GAC,C,5,WC,cWW,C-G,1,1,TWOWAY.5H1K.1-1.GAC-GAC.0.pdb,,,
GAC_GAC,C,12,WC,cWW,C-G,1,1,TWOWAY.5H1K.1-1.GAC-GAC.0.pdb,,,
GAC_GC,A,4,NON-WC,lone_flipped_out,-,2,0,TWOWAY.1CSL.0-1.GC-GAC.0.pdb,,,
GAC_GC,C,5,WC,cWW,C-G,1,1,TWOWAY.1CSL.0-1.GC-GAC.0.pdb,,,
GAC_GC,C,11,WC,cWW,C-G,1,1,TWOWAY.1CSL.0-1.GC-GAC.0.pdb,,,
GAC_GC,A,4,NON-WC,lone_flipped_out,-,2,0,TWOWAY.1DUQ.0-1.GC-GAC.0.pdb,,,
GAC_GC,C,5,WC,cWW,C-G,1,1,TWOWAY.1DUQ.0-1.GC-GAC.0.pdb,,,
GAC_GC,C,11,WC,cWW,C-G,1,1,TWOWAY.1DUQ.0-1.GC-GAC.0.pdb,,,
GAC_GC,A,4,NON-WC,lone_flipped_out,-,2,0,TWOWAY.1DUQ.0-1.GC-GAC.1.pdb,,,
GAC_GC,C,5,WC,cWW,C-G,1,1,TWOWAY.1DUQ.0-1.GC-GAC.1.pdb,,,
GAC_GC,C,11,WC,cWW,C-G,1,1,TWOWAY.1DUQ.0-1.GC-GAC.1.pdb,,,
GAC_GC,A,4,NON-WC,lone_flipped_out,-,2,0,TWOWAY.1DUQ.0-1.GC-GAC.2.pdb,,,
GAC_GC,C,5,WC,cWW,C-G,1,1,TWOWAY.1DUQ.0-1.GC-GAC.2.pdb,,,
GAC_GC,C,11,WC,cWW,C-G,1,1,TWOWAY.1DUQ.0-1.GC-GAC.2.pdb,,,
GAC_GC,A,4,NON-WC,lone_flipped_out,-,2,0,TWOWAY.1DUQ.0-1.GC-GAC.3.pdb,,,
GAC_GC,C,5,WC,cWW,C-G,1,1,TWOWAY.1DUQ.0-1.GC-GAC.3.pdb,,,
GAC_GC,C,11,WC,cWW,C-G,1,1,TWOWAY.1DUQ.0-1.GC-GAC.3.pdb,,,
GAC_GC,A,4,NON-WC,lone_flipped_out,-,2,0,TWOWAY.1NJP.1-0.GAC-GC.0.pdb,,,
GAC_GC,C,5,WC,cWW,C-G,1,1,TWOWAY.1NJP.1-0.GAC-GC.0.pdb,,,
GAC_GC,C,11,WC,cWW,C-G,1,1,TWOWAY.1NJP.1-0.GAC-GC.0.pdb,,,
GAC_GC,A,4,NON-WC,lone_flipped_out,-,2,0,TWOWAY.4IOA.1-0.GAC-GC.0.pdb,,,
GAC_GC,C,5,WC,cWW,C-G,1,1,TWOWAY.4IOA.1-0.GAC-GC.0.pdb,,,
GAC_GC,C,11,WC,cWW,C-G,1,1,TWOWAY.4IOA.1-0.GAC-GC.0.pdb,,,
GAC_GC,A,4,NON-WC,lone_flipped_out,-,2,0,TWOWAY.4PMI.0-1.GC-GAC.0.pdb,,,
GAC_GC,C,5,WC,cWW,C-G,1,1,TWOWAY.4PMI.0-1.GC-GAC.0.pdb,,,
GAC_GC,C,11,WC,cWW,C-G,1,1,TWOWAY.4PMI.0-1.GC-GAC.0.pdb,,,
GAC_GC,A,4,NON-WC,cSH,A-C,2,1,TWOWAY.6WQN.1-0.GAC-GC.0.pdb,,,
GAC_GC,C,5,WC,cWW,C-G,1,2,TWOWAY.6WQN.1-0.GAC-GC.0.pdb,,,
GAC_GC,C,5,WC,cSH,C-A,1,2,TWOWAY.6WQN.1-0.GAC-GC.0.pdb,,,
GAC_GC,C,11,WC,cWW,C-G,1,1,TWOWAY.6WQN.1-0.GAC-GC.0.pdb,,,
GAC_GC,A,4,NON-WC,cSH,A-C,2,1,TWOWAY.6YS3.1-0.GAC-GC.0.pdb,,,
GAC_GC,C,5,WC,cWW,C-G,1,2,TWOWAY.6YS3.1-0.GAC-GC.0.pdb,,,
GAC_GC,C,5,WC,cSH,C-A,1,2,TWOWAY.6YS3.1-0.GAC-GC.0.pdb,,,
GAC_GC,C,11,WC,cWW,C-G,1,1,TWOWAY.6YS3.1-0.GAC-GC.0.pdb,,,
GAC_GCC,A,4,NON-WC,cWW,A-C,1,1,TWOWAY.6OL3.1-1.GAC-GCC.0.pdb,,,
GAC_GCC,C,5,WC,cWW,C-G,1,1,TWOWAY.6OL3.1-1.GAC-GCC.0.pdb,,,
GAC_GCC,C,11,NON-WC,cWW,C-A,1,1,TWOWAY.6OL3.1-1.GAC-GCC.0.pdb,,,
GAC_GCC,C,12,WC,cWW,C-G,1,1,TWOWAY.6OL3.1-1.GAC-GCC.0.pdb,,,
GAC_GGC,A,4,NON-WC,cWW,A-G,1,1,TWOWAY.4M4O.1-1.GGC-GAC.0.pdb,,,
GAC_GGC,C,12,WC,cWW,C-G,1,1,TWOWAY.4M4O.1-1.GGC-GAC.0.pdb,,,
GAC_GGC,C,5,WC,cWW,C-G,1,1,TWOWAY.4M4O.1-1.GGC-GAC.0.pdb,,,
GACAAGA_UAC,A,15,NON-WC,tWS,A-G,1,1,TWOWAY.5NWQ.1-5.UAC-GACAAGA.0.pdb,,,
GACAAGA_UAC,A,4,NON-WC,lone_flipped_in,-,0,0,TWOWAY.5NWQ.1-5.UAC-GACAAGA.0.pdb,,,
GACAAGA_UAC,A,6,NON-WC,tWS,A-G,1,1,TWOWAY.5NWQ.1-5.UAC-GACAAGA.0.pdb,,,
GACAAGA_UAC,A,7,NON-WC,lone_flipped_in,-,0,0,TWOWAY.5NWQ.1-5.UAC-GACAAGA.0.pdb,,,
GACAAGA_UAC,A,9,WC,cWW,A-U,1,1,TWOWAY.5NWQ.1-5.UAC-GACAAGA.0.pdb,,,
GACAAGA_UAC,C,16,WC,cWW,C-G,1,1,TWOWAY.5NWQ.1-5.UAC-GACAAGA.0.pdb,,,
GACAAGA_UAC,C,5,NON-WC,lone_flipped_in,-,0,0,TWOWAY.5NWQ.1-5.UAC-GACAAGA.0.pdb,,,
GACC_GACC,A,4,NON-WC,cWW,A-C,2,1,TWOWAY.1D4R.2-2.GACC-GACC.0.pdb,,,
GACC_GACC,C,5,NON-WC,cWW,C-A,2,1,TWOWAY.1D4R.2-2.GACC-GACC.0.pdb,,,
GACC_GACC,C,6,WC,cWW,C-G,1,1,TWOWAY.1D4R.2-2.GACC-GACC.0.pdb,,,
GACC_GACC,A,12,NON-WC,cWW,A-C,2,1,TWOWAY.1D4R.2-2.GACC-GACC.0.pdb,,,
GACC_GACC,C,13,NON-WC,cWW,C-A,2,1,TWOWAY.1D4R.2-2.GACC-GACC.0.pdb,,,
GACC_GACC,C,14,WC,cWW,C-G,1,1,TWOWAY.1D4R.2-2.GACC-GACC.0.pdb,,,
GACC_GACC,A,4,NON-WC,cWW,A-C,2,1,TWOWAY.1D4R.2-2.GACC-GACC.1.pdb,,,
GACC_GACC,C,5,NON-WC,cWW,C-A,2,1,TWOWAY.1D4R.2-2.GACC-GACC.1.pdb,,,
GACC_GACC,C,6,WC,cWW,C-G,1,1,TWOWAY.1D4R.2-2.GACC-GACC.1.pdb,,,
GACC_GACC,A,12,NON-WC,cWW,A-C,2,1,TWOWAY.1D4R.2-2.GACC-GACC.1.pdb,,,
GACC_GACC,C,13,NON-WC,cWW,C-A,2,1,TWOWAY.1D4R.2-2.GACC-GACC.1.pdb,,,
GACC_GACC,C,14,WC,cWW,C-G,1,1,TWOWAY.1D4R.2-2.GACC-GACC.1.pdb,,,
GACC_GACC,A,4,NON-WC,cWW,A-C,2,1,TWOWAY.1JID.2-2.GACC-GACC.0.pdb,,,
GACC_GACC,C,5,NON-WC,cWW,C-A,2,1,TWOWAY.1JID.2-2.GACC-GACC.0.pdb,,,
GACC_GACC,C,6,WC,cWW,C-G,1,1,TWOWAY.1JID.2-2.GACC-GACC.0.pdb,,,
GACC_GACC,A,12,NON-WC,cWW,A-C,2,1,TWOWAY.1JID.2-2.GACC-GACC.0.pdb,,,
GACC_GACC,C,13,NON-WC,cWW,C-A,2,1,TWOWAY.1JID.2-2.GACC-GACC.0.pdb,,,
GACC_GACC,C,14,WC,cWW,C-G,1,1,TWOWAY.1JID.2-2.GACC-GACC.0.pdb,,,
GACC_GACC,A,4,NON-WC,cWW,A-C,2,1,TWOWAY.1L9A.2-2.GACC-GACC.0.pdb,,,
GACC_GACC,C,5,NON-WC,cWW,C-A,2,1,TWOWAY.1L9A.2-2.GACC-GACC.0.pdb,,,
GACC_GACC,C,6,WC,cWW,C-G,1,1,TWOWAY.1L9A.2-2.GACC-GACC.0.pdb,,,
GACC_GACC,A,12,NON-WC,cWW,A-C,2,1,TWOWAY.1L9A.2-2.GACC-GACC.0.pdb,,,
GACC_GACC,C,13,NON-WC,cWW,C-A,2,1,TWOWAY.1L9A.2-2.GACC-GACC.0.pdb,,,
GACC_GACC,C,14,WC,cWW,C-G,1,1,TWOWAY.1L9A.2-2.GACC-GACC.0.pdb,,,
GACC_GACC,A,4,NON-WC,cWW_p,A-C,2,1,TWOWAY.1MFQ.2-2.GACC-GACC.0.pdb,,,
GACC_GACC,C,5,NON-WC,cWW_p,C-A,2,1,TWOWAY.1MFQ.2-2.GACC-GACC.0.pdb,,,
GACC_GACC,C,6,WC,cWW,C-G,1,1,TWOWAY.1MFQ.2-2.GACC-GACC.0.pdb,,,
GACC_GACC,A,12,NON-WC,cWW_p,A-C,2,1,TWOWAY.1MFQ.2-2.GACC-GACC.0.pdb,,,
GACC_GACC,C,13,NON-WC,cWW_p,C-A,2,1,TWOWAY.1MFQ.2-2.GACC-GACC.0.pdb,,,
GACC_GACC,C,14,WC,cWW,C-G,1,1,TWOWAY.1MFQ.2-2.GACC-GACC.0.pdb,,,
GACCC_GC,A,4,NON-WC,lone,-,0,0,TWOWAY.6NEQ.3-0.GACCC-GC.0.pdb,,,
GACCC_GC,C,5,NON-WC,lone,-,0,0,TWOWAY.6NEQ.3-0.GACCC-GC.0.pdb,,,
GACCC_GC,C,6,NON-WC,lone,-,0,0,TWOWAY.6NEQ.3-0.GACCC-GC.0.pdb,,,
GACCC_GC,C,7,WC,cWW,C-G,1,1,TWOWAY.6NEQ.3-0.GACCC-GC.0.pdb,,,
GACCC_GC,C,13,WC,cWW,C-G,1,1,TWOWAY.6NEQ.3-0.GACCC-GC.0.pdb,,,
GACG_UAC,A,4,NON-WC,cWW,A-A,1,1,TWOWAY.4IOA.1-2.UAC-GACG.0.pdb,,,
GACG_UAC,A,12,NON-WC,cWW,A-A,1,1,TWOWAY.4IOA.1-2.UAC-GACG.0.pdb,,,
GACG_UAC,C,5,NON-WC,lone_flipped_out,-,0,0,TWOWAY.4IOA.1-2.UAC-GACG.0.pdb,,,
GACG_UAC,C,13,WC,cWW,C-G,1,1,TWOWAY.4IOA.1-2.UAC-GACG.0.pdb,,,
GACU_AC,A,4,NON-WC,lone_flipped_out,-,0,0,TWOWAY.6VRC.2-0.GACU-AC.0.pdb,,,
GACU_AC,A,11,WC,cWW,A-U,1,1,TWOWAY.6VRC.2-0.GACU-AC.0.pdb,,,
GACU_AC,C,5,NON-WC,lone_flipped_out,-,0,0,TWOWAY.6VRC.2-0.GACU-AC.0.pdb,,,
GACU_AC,C,12,WC,cWW,C-G,1,1,TWOWAY.6VRC.2-0.GACU-AC.0.pdb,,,
GAG_CC,A,4,NON-WC,lone_flipped_out,-,0,0,TWOWAY.1EFO.2-1.DCDC-GAG.0.pdb,,,
GAG_CC,C,10,WC,cWW,C-G,1,1,TWOWAY.1EFO.2-1.DCDC-GAG.0.pdb,,,
GAG_CC,C,11,WC,cWW,C-G,1,1,TWOWAY.1EFO.2-1.DCDC-GAG.0.pdb,,,
GAG_CC,A,4,NON-WC,lone_flipped_out,-,0,0,TWOWAY.2C4Q.0-1.CC-GAG.0.pdb,,,
GAG_CC,C,10,WC,cWW,C-G,1,1,TWOWAY.2C4Q.0-1.CC-GAG.0.pdb,,,
GAG_CC,C,11,WC,cWW,C-G,1,1,TWOWAY.2C4Q.0-1.CC-GAG.0.pdb,,,
GAG_CC,A,4,NON-WC,lone_flipped_out,-,0,0,TWOWAY.6CYT.0-1.CC-GAG.0.pdb,,,
GAG_CC,C,10,WC,cWW,C-G,1,1,TWOWAY.6CYT.0-1.CC-GAG.0.pdb,,,
GAG_CC,C,11,WC,cWW,C-G,1,1,TWOWAY.6CYT.0-1.CC-GAG.0.pdb,,,
GAG_CC,A,4,NON-WC,lone_flipped_out,-,0,0,TWOWAY.6D3P.0-1.CC-GAG.0.pdb,,,
GAG_CC,C,10,WC,cWW,C-G,1,1,TWOWAY.6D3P.0-1.CC-GAG.0.pdb,,,
GAG_CC,C,11,WC,cWW,C-G,1,1,TWOWAY.6D3P.0-1.CC-GAG.0.pdb,,,
GAG_CC,A,4,NON-WC,base triple,A-G-C,2,2,TWOWAY.6NEQ.1-0.GAG-CC.0.pdb,,,
GAG_CC,C,10,WC,cWW,C-G,1,1,TWOWAY.6NEQ.1-0.GAG-CC.0.pdb,,,
GAG_CC,C,11,WC,cWW,C-G,1,2,TWOWAY.6NEQ.1-0.GAG-CC.0.pdb,,,
GAG_CC,C,11,WC,base triple,A-G-C,1,2,TWOWAY.6NEQ.1-0.GAG-CC.0.pdb,,,
GAG_CC,A,4,NON-WC,lone_flipped_out,-,0,0,TWOWAY.6QKL.0-1.CC-GAG.0.pdb,,,
GAG_CC,C,10,WC,cWW,C-G,1,1,TWOWAY.6QKL.0-1.CC-GAG.0.pdb,,,
GAG_CC,C,11,WC,cWW,C-G,1,1,TWOWAY.6QKL.0-1.CC-GAG.0.pdb,,,
GAG_CC,A,4,NON-WC,lone_flipped_out,-,0,0,TWOWAY.6XH2.0-1.CC-GAG.0.pdb,,,
GAG_CC,C,10,WC,cWW,C-G,1,1,TWOWAY.6XH2.0-1.CC-GAG.0.pdb,,,
GAG_CC,C,11,WC,cWW,C-G,1,1,TWOWAY.6XH2.0-1.CC-GAG.0.pdb,,,
GAG_CC,A,4,NON-WC,lone_flipped_in,-,0,0,TWOWAY.6YSI.0-1.CC-GAG.0.pdb,,,
GAG_CC,C,10,WC,cWW,C-G,1,1,TWOWAY.6YSI.0-1.CC-GAG.0.pdb,,,
GAG_CC,C,11,WC,cWW,C-G,1,1,TWOWAY.6YSI.0-1.CC-GAG.0.pdb,,,
GAG_CC,A,4,NON-WC,lone_flipped_out,-,0,0,TWOWAY.7C7L.0-1.CC-GAG.0.pdb,,,
GAG_CC,C,10,WC,cWW,C-G,1,1,TWOWAY.7C7L.0-1.CC-GAG.0.pdb,,,
GAG_CC,C,11,WC,cWW,C-G,1,1,TWOWAY.7C7L.0-1.CC-GAG.0.pdb,,,
GAG_CC,A,4,NON-WC,lone_flipped_out,-,0,0,TWOWAY.7L49.0-1.CC-GAG.0.pdb,,,
GAG_CC,C,10,WC,cWW,C-G,1,1,TWOWAY.7L49.0-1.CC-GAG.0.pdb,,,
GAG_CC,C,11,WC,cWW,C-G,1,1,TWOWAY.7L49.0-1.CC-GAG.0.pdb,,,
GAGAAC_GAC,A,4,NON-WC,lone_flipped_in,-,0,0,TWOWAY.1NJP.4-1.GAGAAC-GAC.0.pdb,,,
GAGAAC_GAC,A,6,NON-WC,lone,-,0,0,TWOWAY.1NJP.4-1.GAGAAC-GAC.0.pdb,,,
GAGAAC_GAC,A,7,NON-WC,tSH,A-A,1,1,TWOWAY.1NJP.4-1.GAGAAC-GAC.0.pdb,,,
GAGAAC_GAC,A,14,NON-WC,tSH,A-A,1,1,TWOWAY.1NJP.4-1.GAGAAC-GAC.0.pdb,,,
GAGAAC_GAC,C,8,WC,cWW,C-G,1,1,TWOWAY.1NJP.4-1.GAGAAC-GAC.0.pdb,,,
GAGAAC_GAC,C,15,WC,cWW,C-G,1,1,TWOWAY.1NJP.4-1.GAGAAC-GAC.0.pdb,,,
GAGAG_UGGU,A,4,NON-WC,cWW,A-G,1,1,TWOWAY.1KUQ.3-2.GAGAG-UGGU.0.pdb,,,
GAGAG_UGGU,A,6,NON-WC,lone_flipped_out,-,0,0,TWOWAY.1KUQ.3-2.GAGAG-UGGU.0.pdb,,,
GAGG_CAC,A,12,NON-WC,cWW,A-G,1,1,TWOWAY.1XJR.1-2.CAC-GAGG.0.pdb,,,
GAGG_CAC,A,4,NON-WC,lone_flipped_out,-,0,0,TWOWAY.1XJR.1-2.CAC-GAGG.0.pdb,,,
GAGG_CAC,C,11,WC,cWW,C-G,1,1,TWOWAY.1XJR.1-2.CAC-GAGG.0.pdb,,,
GAGG_CAC,C,13,WC,cWW,C-G,1,1,TWOWAY.1XJR.1-2.CAC-GAGG.0.pdb,,,
GAU_AC,A,10,WC,cWW,A-U,1,1,TWOWAY.5WWT.0-1.AC-GAU.0.pdb,,,
GAU_AC,A,4,NON-WC,lone_flipped_out,-,0,0,TWOWAY.5WWT.0-1.AC-GAU.0.pdb,,,
GAU_AC,C,11,WC,cWW,C-G,1,1,TWOWAY.5WWT.0-1.AC-GAU.0.pdb,,,
GAU_AC,A,10,WC,cWW,A-U,1,1,TWOWAY.7MKY.0-1.AC-GAU.0.pdb,,,
GAU_AC,A,4,NON-WC,lone_flipped_out,-,0,0,TWOWAY.7MKY.0-1.AC-GAU.0.pdb,,,
GAU_AC,C,11,WC,cWW,C-G,1,1,TWOWAY.7MKY.0-1.AC-GAU.0.pdb,,,
GAU_GC,A,4,NON-WC,lone_flipped_out,-,0,0,TWOWAY.6YS3.0-1.GC-GAU.0.pdb,,,
GAU_GC,C,11,WC,cWW,C-G,1,1,TWOWAY.6YS3.0-1.GC-GAU.0.pdb,,,
GAUG_CCC,A,4,NON-WC,lone_flipped_in,-,0,0,TWOWAY.4N0T.1-2.CCC-GAUG.0.pdb,,,
GAUG_CCC,C,11,WC,cWW,C-G,1,1,TWOWAY.4N0T.1-2.CCC-GAUG.0.pdb,,,
GAUG_CCC,C,12,NON-WC,cWW,C-U,1,1,TWOWAY.4N0T.1-2.CCC-GAUG.0.pdb,,,
GAUG_CCC,C,13,WC,cWW,C-G,1,1,TWOWAY.4N0T.1-2.CCC-GAUG.0.pdb,,,
GAUGAAA_UAACC,A,15,NON-WC,tWH,A-A,1,2,NWAY.5XTM.3-3-0.UGAAA-UAACC-GA.0.pdb,,,
GAUGAAA_UAACC,A,15,NON-WC,tSH,A-G,1,2,NWAY.5XTM.3-3-0.UGAAA-UAACC-GA.0.pdb,,,
GAUGAAA_UAACC,A,16,NON-WC,cWS,A-U,1,1,NWAY.5XTM.3-3-0.UGAAA-UAACC-GA.0.pdb,,,
GAUGAAA_UAACC,A,4,NON-WC,cWW,A-C,1,1,NWAY.5XTM.3-3-0.UGAAA-UAACC-GA.0.pdb,,,
GAUGAAA_UAACC,A,7,NON-WC,tWH,A-A,1,1,NWAY.5XTM.3-3-0.UGAAA-UAACC-GA.0.pdb,,,
GAUGAAA_UAACC,A,8,NON-WC,lone_flipped_out,-,0,0,NWAY.5XTM.3-3-0.UGAAA-UAACC-GA.0.pdb,,,
GAUGAAA_UAACC,A,9,WC,cWW,A-U,1,1,NWAY.5XTM.3-3-0.UGAAA-UAACC-GA.0.pdb,,,
GAUGAAA_UAACC,C,17,NON-WC,cWW,C-A,1,1,NWAY.5XTM.3-3-0.UGAAA-UAACC-GA.0.pdb,,,
GAUGAAA_UAACC,C,18,WC,cWW,C-G,1,1,NWAY.5XTM.3-3-0.UGAAA-UAACC-GA.0.pdb,,,
GAUGG_CAC,A,4,NON-WC,cWS,A-G,1,1,TWOWAY.3MXH.1-3.CAC-GAUGG.0.pdb,,,
GAUGG_CAC,A,13,NON-WC,cWW,A-G,1,1,TWOWAY.3MXH.1-3.CAC-GAUGG.0.pdb,,,
GAUGG_CAC,C,12,WC,cWW,C-G,1,1,TWOWAY.3MXH.1-3.CAC-GAUGG.0.pdb,,,
GAUGG_CAC,C,14,WC,cWW,C-G,1,1,TWOWAY.3MXH.1-3.CAC-GAUGG.0.pdb,,,
GCAC_GCAC,C,4,NON-WC,tWH,C-A,1,1,TWOWAY.5UNE.2-2.GCAC-GCAC.0.pdb,,,
GCAC_GCAC,A,5,NON-WC,cWS,A-C,1,1,TWOWAY.5UNE.2-2.GCAC-GCAC.0.pdb,,,
GCAC_GCAC,C,6,WC,cWW,C-G,1,1,TWOWAY.5UNE.2-2.GCAC-GCAC.0.pdb,,,
GCAC_GCAC,C,12,NON-WC,cWS,C-A,1,1,TWOWAY.5UNE.2-2.GCAC-GCAC.0.pdb,,,
GCAC_GCAC,A,13,NON-WC,tWH,A-C,1,1,TWOWAY.5UNE.2-2.GCAC-GCAC.0.pdb,,,
GCAC_GCAC,C,14,WC,cWW,C-G,1,1,TWOWAY.5UNE.2-2.GCAC-GCAC.0.pdb,,,
GCAC_GGAU,A,13,NON-WC,cWW,A-C,1,1,TWOWAY.6ZVI.2-2.GGAU-GCAC.0.pdb,,,
GCAC_GGAU,A,5,NON-WC,cWW,A-G,1,1,TWOWAY.6ZVI.2-2.GGAU-GCAC.0.pdb,,,
GCAC_GGAU,C,4,NON-WC,cWW,C-A,1,1,TWOWAY.6ZVI.2-2.GGAU-GCAC.0.pdb,,,
GCAC_GGAU,C,6,WC,cWW,C-G,1,1,TWOWAY.6ZVI.2-2.GGAU-GCAC.0.pdb,,,
GCAGC_GAC,A,13,NON-WC,cWW,A-G,1,1,TWOWAY.4R4V.1-3.GAC-GCAGC.0.pdb,,,
GCAGC_GAC,A,5,NON-WC,lone_flipped_out,-,0,0,TWOWAY.4R4V.1-3.GAC-GCAGC.0.pdb,,,
GCAGC_GAC,C,14,WC,cWW,C-G,1,1,TWOWAY.4R4V.1-3.GAC-GCAGC.0.pdb,,,
GCAGC_GAC,C,4,NON-WC,lone_flipped_out,-,0,0,TWOWAY.4R4V.1-3.GAC-GCAGC.0.pdb,,,
GCAGC_GAC,C,7,WC,cWW,C-G,1,1,TWOWAY.4R4V.1-3.GAC-GCAGC.0.pdb,,,
GCC_GC,C,11,WC,cWW,C-G,1,1,TWOWAY.3SN2.0-1.GC-GCC.0.pdb,,,
GCC_GC,C,4,NON-WC,lone_flipped_out,-,0,0,TWOWAY.3SN2.0-1.GC-GCC.0.pdb,,,
GCC_GC,C,5,WC,cWW,C-G,1,1,TWOWAY.3SN2.0-1.GC-GCC.0.pdb,,,
GCC_GUC,C,12,WC,cWW,C-G,1,1,TWOWAY.6YSI.1-1.GUC-GCC.0.pdb,,,
GCC_GUC,C,4,NON-WC,cWW,C-U,1,1,TWOWAY.6YSI.1-1.GUC-GCC.0.pdb,,,
GCC_GUC,C,5,WC,cWW,C-G,1,1,TWOWAY.6YSI.1-1.GUC-GCC.0.pdb,,,
GCCG_CAC,A,12,NON-WC,cWW,A-C,1,1,TWOWAY.1U6B.2-1.GCCG-CAC.0.pdb,,,
GCCG_CAC,C,11,WC,cWW,C-G,1,1,TWOWAY.1U6B.2-1.GCCG-CAC.0.pdb,,,
GCCG_CAC,C,13,WC,cWW,C-G,1,1,TWOWAY.1U6B.2-1.GCCG-CAC.0.pdb,,,
GCCG_CAC,C,4,NON-WC,cWW,C-A,1,1,TWOWAY.1U6B.2-1.GCCG-CAC.0.pdb,,,
GCCG_CAC,C,5,NON-WC,lone_flipped_out,-,0,0,TWOWAY.1U6B.2-1.GCCG-CAC.0.pdb,,,
GCCGAG_UAUC,A,14,NON-WC,lone_flipped_in,-,0,0,TWOWAY.6SPB.2-4.UAUC-GCCGAG.0.pdb,,,
GCCGAG_UAUC,A,7,NON-WC,cSH,A-U,1,1,TWOWAY.6SPB.2-4.UAUC-GCCGAG.0.pdb,,,
GCCGAG_UAUC,C,16,WC,cWW,C-G,1,1,TWOWAY.6SPB.2-4.UAUC-GCCGAG.0.pdb,,,
GCCGAG_UAUC,C,4,NON-WC,lone_flipped_out,-,0,0,TWOWAY.6SPB.2-4.UAUC-GCCGAG.0.pdb,,,
GCCGAG_UAUC,C,5,NON-WC,lone_flipped_out,-,0,0,TWOWAY.6SPB.2-4.UAUC-GCCGAG.0.pdb,,,
GCG_CC,C,4,NON-WC,lone_flipped_out,-,0,0,TWOWAY.4RZD.0-1.CC-GCG.0.pdb,,,
GCG_CC,C,10,WC,cWW,C-G,1,1,TWOWAY.4RZD.0-1.CC-GCG.0.pdb,,,
GCG_CC,C,11,WC,cWW,C-G,1,1,TWOWAY.4RZD.0-1.CC-GCG.0.pdb,,,
GCU_AC,A,10,WC,cWW,A-U,1,1,TWOWAY.3HHN.0-1.AC-GCU.0.pdb,,,
GCU_AC,C,11,WC,cWW,C-G,1,1,TWOWAY.3HHN.0-1.AC-GCU.0.pdb,,,
GCU_AC,C,4,NON-WC,lone_flipped_out,-,0,0,TWOWAY.3HHN.0-1.AC-GCU.0.pdb,,,
GCU_AC,A,10,WC,cWW,A-U,1,1,TWOWAY.4IOA.1-0.GCU-AC.0.pdb,,,
GCU_AC,C,11,WC,cWW,C-G,1,1,TWOWAY.4IOA.1-0.GCU-AC.0.pdb,,,
GCU_AC,C,4,NON-WC,lone_flipped_out,-,0,0,TWOWAY.4IOA.1-0.GCU-AC.0.pdb,,,
GCU_AC,A,10,WC,cWW,A-U,1,1,TWOWAY.5F5H.1-0.GCU-AC.0.pdb,,,
GCU_AC,C,11,WC,cWW,C-G,1,1,TWOWAY.5F5H.1-0.GCU-AC.0.pdb,,,
GCU_AC,C,4,NON-WC,lone_flipped_out,-,0,0,TWOWAY.5F5H.1-0.GCU-AC.0.pdb,,,
GCUAAC_GGACCC,A,15,NON-WC,lone_flipped_in,-,0,0,NWAY.4QK9.2-4-0.UAAC-GGACCC-GC.0.pdb,,,
GCUAAC_GGACCC,A,6,NON-WC,lone_flipped_in,-,0,0,NWAY.4QK9.2-4-0.UAAC-GGACCC-GC.0.pdb,,,
GCUAAC_GGACCC,A,7,NON-WC,tSH,A-G,1,1,NWAY.4QK9.2-4-0.UAAC-GGACCC-GC.0.pdb,,,
GCUAAC_GGACCC,C,16,NON-WC,lone_flipped_in,-,0,0,NWAY.4QK9.2-4-0.UAAC-GGACCC-GC.0.pdb,,,
GCUAAC_GGACCC,C,17,NON-WC,cWW,C-C,1,1,NWAY.4QK9.2-4-0.UAAC-GGACCC-GC.0.pdb,,,
GCUAAC_GGACCC,C,18,WC,cWW,C-G,1,1,NWAY.4QK9.2-4-0.UAAC-GGACCC-GC.0.pdb,,,
GCUAAC_GGACCC,C,4,NON-WC,cWW,C-C,1,1,NWAY.4QK9.2-4-0.UAAC-GGACCC-GC.0.pdb,,,
GCUAAC_GGACCC,C,8,WC,cWW,C-G,1,1,NWAY.4QK9.2-4-0.UAAC-GGACCC-GC.0.pdb,,,
GCUAAC_GGACCC,A,15,NON-WC,lone_flipped_in,-,0,0,NWAY.4QLM.0-4-2.AC-GGACCC-GCUA.0.pdb,,,
GCUAAC_GGACCC,A,6,NON-WC,lone_flipped_in,-,0,0,NWAY.4QLM.0-4-2.AC-GGACCC-GCUA.0.pdb,,,
GCUAAC_GGACCC,A,7,NON-WC,tSH,A-G,1,1,NWAY.4QLM.0-4-2.AC-GGACCC-GCUA.0.pdb,,,
GCUAAC_GGACCC,C,16,NON-WC,lone_flipped_in,-,0,0,NWAY.4QLM.0-4-2.AC-GGACCC-GCUA.0.pdb,,,
GCUAAC_GGACCC,C,17,NON-WC,cWW,C-C,1,1,NWAY.4QLM.0-4-2.AC-GGACCC-GCUA.0.pdb,,,
GCUAAC_GGACCC,C,18,WC,cWW,C-G,1,1,NWAY.4QLM.0-4-2.AC-GGACCC-GCUA.0.pdb,,,
GCUAAC_GGACCC,C,4,NON-WC,cWW,C-C,1,1,NWAY.4QLM.0-4-2.AC-GGACCC-GCUA.0.pdb,,,
GCUAAC_GGACCC,C,8,WC,cWW,C-G,1,1,NWAY.4QLM.0-4-2.AC-GGACCC-GCUA.0.pdb,,,
GCUAAC_GGACCC,A,15,NON-WC,lone_flipped_in,-,0,0,TWOWAY.4W90.4-4.GCUAAC-GGACCC.0.pdb,,,
GCUAAC_GGACCC,A,6,NON-WC,lone_flipped_in,-,0,0,TWOWAY.4W90.4-4.GCUAAC-GGACCC.0.pdb,,,
GCUAAC_GGACCC,A,7,NON-WC,tSH,A-G,1,1,TWOWAY.4W90.4-4.GCUAAC-GGACCC.0.pdb,,,
GCUAAC_GGACCC,C,16,NON-WC,lone_flipped_in,-,0,0,TWOWAY.4W90.4-4.GCUAAC-GGACCC.0.pdb,,,
GCUAAC_GGACCC,C,17,NON-WC,cWW,C-C,1,1,TWOWAY.4W90.4-4.GCUAAC-GGACCC.0.pdb,,,
GCUAAC_GGACCC,C,18,WC,cWW,C-G,1,1,TWOWAY.4W90.4-4.GCUAAC-GGACCC.0.pdb,,,
GCUAAC_GGACCC,C,4,NON-WC,cWW,C-C,1,1,TWOWAY.4W90.4-4.GCUAAC-GGACCC.0.pdb,,,
GCUAAC_GGACCC,C,8,WC,cWW,C-G,1,1,TWOWAY.4W90.4-4.GCUAAC-GGACCC.0.pdb,,,
GGAAG_CGC,A,5,NON-WC,lone_flipped_out,-,0,0,TWOWAY.1NJP.3-1.GGAAG-CGC.0.pdb,,,
GGAAG_CGC,A,6,NON-WC,tWS,A-C,1,1,TWOWAY.1NJP.3-1.GGAAG-CGC.0.pdb,,,
GGAAG_CGC,C,12,WC,cWW,C-G,1,1,TWOWAY.1NJP.3-1.GGAAG-CGC.0.pdb,,,
GGAAG_CGC,C,14,WC,cWW,C-G,1,2,TWOWAY.1NJP.3-1.GGAAG-CGC.0.pdb,,,
GGAAG_CGC,C,14,WC,tWS,C-A,1,2,TWOWAY.1NJP.3-1.GGAAG-CGC.0.pdb,,,
GGAC_GGAC,A,5,NON-WC,cWW,A-G,1,1,NWAY.3CJZ.1--1-0--1-0-1.M2G-G-AC-G-AC-M2G.0.pdb,,,
GGAC_GGAC,C,6,WC,cWW,C-G,1,1,NWAY.3CJZ.1--1-0--1-0-1.M2G-G-AC-G-AC-M2G.0.pdb,,,
GGAC_GGAC,A,13,NON-WC,cWW,A-G,1,1,NWAY.3CJZ.1--1-0--1-0-1.M2G-G-AC-G-AC-M2G.0.pdb,,,
GGAC_GGAC,C,14,WC,cWW,C-G,1,1,NWAY.3CJZ.1--1-0--1-0-1.M2G-G-AC-G-AC-M2G.0.pdb,,,
GGAC_GGAC,A,5,NON-WC,cWW,A-G,1,1,TWOWAY.5LQO.2-2.GGAC-GGAC.0.pdb,,,
GGAC_GGAC,C,6,WC,cWW,C-G,1,1,TWOWAY.5LQO.2-2.GGAC-GGAC.0.pdb,,,
GGAC_GGAC,A,13,NON-WC,cWW,A-G,1,1,TWOWAY.5LQO.2-2.GGAC-GGAC.0.pdb,,,
GGAC_GGAC,C,14,WC,cWW,C-G,1,1,TWOWAY.5LQO.2-2.GGAC-GGAC.0.pdb,,,
GGAG_CAC,A,5,NON-WC,lone_flipped_out,-,0,0,TWOWAY.5MSF.1-2.CAC-GGAG.0.pdb,,,
GGAG_CAC,A,12,NON-WC,cWW,A-G,1,1,TWOWAY.5MSF.1-2.CAC-GGAG.0.pdb,,,
GGAG_CAC,C,11,WC,cWW,C-G,1,1,TWOWAY.5MSF.1-2.CAC-GGAG.0.pdb,,,
GGAG_CAC,C,13,WC,cWW,C-G,1,1,TWOWAY.5MSF.1-2.CAC-GGAG.0.pdb,,,
GGAG_UGAC,A,13,NON-WC,tSH,A-G,1,1,NWAY.4XWF.-1-2-1.C-GGAG-UGA.0.pdb,,,
GGAG_UGAC,A,5,NON-WC,tSH,A-G,1,1,NWAY.4XWF.-1-2-1.C-GGAG-UGA.0.pdb,,,
GGAG_UGAC,C,14,WC,cWW,C-G,1,1,NWAY.4XWF.-1-2-1.C-GGAG-UGA.0.pdb,,,
GGAG_UGAC,A,13,NON-WC,tSH,A-G,1,1,TWOWAY.1FJG.2-2.GGAG-UGAC.0.pdb,,,
GGAG_UGAC,A,5,NON-WC,tSH,A-G,1,1,TWOWAY.1FJG.2-2.GGAG-UGAC.0.pdb,,,
GGAG_UGAC,C,14,WC,cWW,C-G,1,1,TWOWAY.1FJG.2-2.GGAG-UGAC.0.pdb,,,
GGAG_UGAC,A,13,NON-WC,tSH,A-G,1,1,TWOWAY.1HNW.2-2.GGAG-UGAC.0.pdb,,,
GGAG_UGAC,A,5,NON-WC,tSH,A-G,1,1,TWOWAY.1HNW.2-2.GGAG-UGAC.0.pdb,,,
GGAG_UGAC,C,14,WC,cWW,C-G,1,1,TWOWAY.1HNW.2-2.GGAG-UGAC.0.pdb,,,
GGAG_UGAC,A,13,NON-WC,tSH,A-G,1,1,TWOWAY.1N32.2-2.GGAG-UGAC.0.pdb,,,
GGAG_UGAC,A,5,NON-WC,tSH,A-G,1,1,TWOWAY.1N32.2-2.GGAG-UGAC.0.pdb,,,
GGAG_UGAC,C,14,WC,cWW,C-G,1,1,TWOWAY.1N32.2-2.GGAG-UGAC.0.pdb,,,
GGAG_UGAC,A,13,NON-WC,tSH,A-G,1,1,TWOWAY.1XNQ.2-2.GGAG-UGAC.0.pdb,,,
GGAG_UGAC,A,5,NON-WC,tSH,A-G,1,1,TWOWAY.1XNQ.2-2.GGAG-UGAC.0.pdb,,,
GGAG_UGAC,C,14,WC,cWW,C-G,1,1,TWOWAY.1XNQ.2-2.GGAG-UGAC.0.pdb,,,
GGAG_UGAC,A,13,NON-WC,tSH,A-G,1,1,TWOWAY.1XNR.2-2.GGAG-UGAC.0.pdb,,,
GGAG_UGAC,A,5,NON-WC,tSH,A-G,1,1,TWOWAY.1XNR.2-2.GGAG-UGAC.0.pdb,,,
GGAG_UGAC,C,14,WC,cWW,C-G,1,1,TWOWAY.1XNR.2-2.GGAG-UGAC.0.pdb,,,
GGAG_UGAC,A,13,NON-WC,tSH,A-G,1,1,TWOWAY.2UXC.2-2.GGAG-UGAC.0.pdb,,,
GGAG_UGAC,A,5,NON-WC,tSH,A-G,1,1,TWOWAY.2UXC.2-2.GGAG-UGAC.0.pdb,,,
GGAG_UGAC,C,14,WC,cWW,C-G,1,1,TWOWAY.2UXC.2-2.GGAG-UGAC.0.pdb,,,
GGAG_UGAC,A,13,NON-WC,tSH,A-G,1,1,TWOWAY.2UXD.2-2.GGAG-UGAC.0.pdb,,,
GGAG_UGAC,A,5,NON-WC,tSH,A-G,1,1,TWOWAY.2UXD.2-2.GGAG-UGAC.0.pdb,,,
GGAG_UGAC,C,14,WC,cWW,C-G,1,1,TWOWAY.2UXD.2-2.GGAG-UGAC.0.pdb,,,
GGAG_UGAC,A,13,NON-WC,tSH,A-G,1,1,TWOWAY.4JV5.2-2.GGAG-UGAC.0.pdb,,,
GGAG_UGAC,A,5,NON-WC,tSH,A-G,1,1,TWOWAY.4JV5.2-2.GGAG-UGAC.0.pdb,,,
GGAG_UGAC,C,14,WC,cWW,C-G,1,1,TWOWAY.4JV5.2-2.GGAG-UGAC.0.pdb,,,
GGAG_UGAC,A,13,NON-WC,tSH,A-G,1,1,TWOWAY.4KHP.2-2.GGAG-UGAC.0.pdb,,,
GGAG_UGAC,A,5,NON-WC,tSH,A-G,1,1,TWOWAY.4KHP.2-2.GGAG-UGAC.0.pdb,,,
GGAG_UGAC,C,14,WC,cWW,C-G,1,1,TWOWAY.4KHP.2-2.GGAG-UGAC.0.pdb,,,
GGAG_UGAC,A,13,NON-WC,tSH,A-G,1,1,TWOWAY.6SPC.2-2.GGAG-UGAC.0.pdb,,,
GGAG_UGAC,A,5,NON-WC,tSH,A-G,1,1,TWOWAY.6SPC.2-2.GGAG-UGAC.0.pdb,,,
GGAG_UGAC,C,14,WC,cWW,C-G,1,1,TWOWAY.6SPC.2-2.GGAG-UGAC.0.pdb,,,
GGAGAAG_CGUAAC,A,5,NON-WC,tHH,A-A,1,1,TWOWAY.5XYM.4-5.CGUAAC-GGAGAAG.0.pdb,,,
GGAGAAG_CGUAAC,A,7,NON-WC,lone_flipped_in,-,0,0,TWOWAY.5XYM.4-5.CGUAAC-GGAGAAG.0.pdb,,,
GGAGAAG_CGUAAC,A,8,NON-WC,tSH,A-G,1,1,TWOWAY.5XYM.4-5.CGUAAC-GGAGAAG.0.pdb,,,
GGAGAAG_CGUAAC,A,17,NON-WC,tHH,A-A,1,1,TWOWAY.5XYM.4-5.CGUAAC-GGAGAAG.0.pdb,,,
GGAGAAG_CGUAAC,A,18,NON-WC,tSH,A-G,1,1,TWOWAY.5XYM.4-5.CGUAAC-GGAGAAG.0.pdb,,,
GGAGAAG_CGUAAC,C,14,WC,cWW,C-G,1,1,TWOWAY.5XYM.4-5.CGUAAC-GGAGAAG.0.pdb,,,
GGAGAAG_CGUAAC,C,19,WC,cWW,C-G,1,1,TWOWAY.5XYM.4-5.CGUAAC-GGAGAAG.0.pdb,,,
GGAGAAG_CGUAAC,A,5,NON-WC,tHH,A-A,1,1,TWOWAY.6SPB.4-5.CGUAAC-GGAGAAG.0.pdb,,,
GGAGAAG_CGUAAC,A,7,NON-WC,lone_flipped_in,-,0,0,TWOWAY.6SPB.4-5.CGUAAC-GGAGAAG.0.pdb,,,
GGAGAAG_CGUAAC,A,8,NON-WC,tSH,A-G,1,1,TWOWAY.6SPB.4-5.CGUAAC-GGAGAAG.0.pdb,,,
GGAGAAG_CGUAAC,A,17,NON-WC,tHH,A-A,1,1,TWOWAY.6SPB.4-5.CGUAAC-GGAGAAG.0.pdb,,,
GGAGAAG_CGUAAC,A,18,NON-WC,tSH,A-G,1,1,TWOWAY.6SPB.4-5.CGUAAC-GGAGAAG.0.pdb,,,
GGAGAAG_CGUAAC,C,14,WC,cWW,C-G,1,1,TWOWAY.6SPB.4-5.CGUAAC-GGAGAAG.0.pdb,,,
GGAGAAG_CGUAAC,C,19,WC,cWW,C-G,1,1,TWOWAY.6SPB.4-5.CGUAAC-GGAGAAG.0.pdb,,,
GGAGAAG_CGUAAC,A,5,NON-WC,tHH,A-A,1,1,TWOWAY.6YS3.4-5.CGUAAC-GGAGAAG.0.pdb,,,
GGAGAAG_CGUAAC,A,7,NON-WC,lone_flipped_in,-,0,0,TWOWAY.6YS3.4-5.CGUAAC-GGAGAAG.0.pdb,,,
GGAGAAG_CGUAAC,A,8,NON-WC,tSH,A-G,1,1,TWOWAY.6YS3.4-5.CGUAAC-GGAGAAG.0.pdb,,,
GGAGAAG_CGUAAC,A,17,NON-WC,tHH,A-A,1,1,TWOWAY.6YS3.4-5.CGUAAC-GGAGAAG.0.pdb,,,
GGAGAAG_CGUAAC,A,18,NON-WC,tSH,A-G,1,1,TWOWAY.6YS3.4-5.CGUAAC-GGAGAAG.0.pdb,,,
GGAGAAG_CGUAAC,C,14,WC,cWW,C-G,1,1,TWOWAY.6YS3.4-5.CGUAAC-GGAGAAG.0.pdb,,,
GGAGAAG_CGUAAC,C,19,WC,cWW,C-G,1,1,TWOWAY.6YS3.4-5.CGUAAC-GGAGAAG.0.pdb,,,
GGGA_UAAC,A,6,WC,cWW,A-U,1,1,TWOWAY.5O5J.2-2.UAAC-GGGA.0.pdb,,,
GGGA_UAAC,A,12,NON-WC,cWW,A-G,1,1,TWOWAY.5O5J.2-2.UAAC-GGGA.0.pdb,,,
GGGA_UAAC,A,13,NON-WC,cWW,A-G,1,1,TWOWAY.5O5J.2-2.UAAC-GGGA.0.pdb,,,
GGGA_UAAC,C,14,WC,cWW,C-G,1,1,TWOWAY.5O5J.2-2.UAAC-GGGA.0.pdb,,,
GGGAAAG_UAACAC,A,15,NON-WC,tSH,A-A,1,1,NWAY.2R8S.5-2-0.GGGAAAG-UAAC-AC.0.pdb,,,
GGGAAAG_UAACAC,A,16,NON-WC,tSH,A-A,1,1,NWAY.2R8S.5-2-0.GGGAAAG-UAAC-AC.0.pdb,,,
GGGAAAG_UAACAC,A,18,NON-WC,cWW,A-G,1,1,NWAY.2R8S.5-2-0.GGGAAAG-UAAC-AC.0.pdb,,,
GGGAAAG_UAACAC,A,6,NON-WC,tSH,A-A,1,1,NWAY.2R8S.5-2-0.GGGAAAG-UAAC-AC.0.pdb,,,
GGGAAAG_UAACAC,A,7,NON-WC,tSH,A-A,1,1,NWAY.2R8S.5-2-0.GGGAAAG-UAAC-AC.0.pdb,,,
GGGAAAG_UAACAC,A,8,NON-WC,lone_flipped_in,-,0,0,NWAY.2R8S.5-2-0.GGGAAAG-UAAC-AC.0.pdb,,,
GGGAAAG_UAACAC,C,17,NON-WC,cWW,C-G,1,1,NWAY.2R8S.5-2-0.GGGAAAG-UAAC-AC.0.pdb,,,
GGGAAAG_UAACAC,C,19,WC,cWW,C-G,1,1,NWAY.2R8S.5-2-0.GGGAAAG-UAAC-AC.0.pdb,,,
GGGAAC_GGGAAC,A,6,NON-WC,tHH,A-G,1,1,TWOWAY.3FTE.4-4.GGGAAC-GGGAAC.0.pdb,,,
GGGAAC_GGGAAC,A,7,NON-WC,tSH,A-G,1,1,TWOWAY.3FTE.4-4.GGGAAC-GGGAAC.0.pdb,,,
GGGAAC_GGGAAC,A,16,NON-WC,tSH,A-G,2,1,TWOWAY.3FTE.4-4.GGGAAC-GGGAAC.0.pdb,,,
GGGAAC_GGGAAC,A,17,NON-WC,tSH,A-G,1,1,TWOWAY.3FTE.4-4.GGGAAC-GGGAAC.0.pdb,,,
GGGAAC_GGGAAC,C,8,WC,cWW,C-G,1,1,TWOWAY.3FTE.4-4.GGGAAC-GGGAAC.0.pdb,,,
GGGAAC_GGGAAC,C,18,WC,cWW,C-G,1,1,TWOWAY.3FTE.4-4.GGGAAC-GGGAAC.0.pdb,,,
GGGAAC_GGGAAC,A,6,NON-WC,tSH,A-G,1,1,TWOWAY.3FTF.4-4.GGGAAC-GGGAAC.0.pdb,,,
GGGAAC_GGGAAC,A,7,NON-WC,tSH,A-G,1,1,TWOWAY.3FTF.4-4.GGGAAC-GGGAAC.0.pdb,,,
GGGAAC_GGGAAC,A,16,NON-WC,tSH,A-G,2,1,TWOWAY.3FTF.4-4.GGGAAC-GGGAAC.0.pdb,,,
GGGAAC_GGGAAC,A,17,NON-WC,tSH,A-G,1,1,TWOWAY.3FTF.4-4.GGGAAC-GGGAAC.0.pdb,,,
GGGAAC_GGGAAC,C,8,WC,cWW,C-G,1,1,TWOWAY.3FTF.4-4.GGGAAC-GGGAAC.0.pdb,,,
GGGAAC_GGGAAC,C,18,WC,cWW,C-G,1,1,TWOWAY.3FTF.4-4.GGGAAC-GGGAAC.0.pdb,,,
GGGAGC_GGGAGC,A,6,NON-WC,cWW,A-G,1,1,TWOWAY.1D4R.4-4.GGGAGC-GGGAGC.0.pdb,,,
GGGAGC_GGGAGC,A,16,NON-WC,cWW,A-G,1,1,TWOWAY.1D4R.4-4.GGGAGC-GGGAGC.0.pdb,,,
GGGAGC_GGGAGC,C,8,WC,cWW,C-G,1,1,TWOWAY.1D4R.4-4.GGGAGC-GGGAGC.0.pdb,,,
GGGAGC_GGGAGC,C,18,WC,cWW,C-G,1,1,TWOWAY.1D4R.4-4.GGGAGC-GGGAGC.0.pdb,,,
GGUAC_GGGC,A,6,NON-WC,cWW,A-G,2,1,TWOWAY.1CSL.2-3.GGGC-GGUAC.0.pdb,,,
GGUAC_GGGC,C,7,WC,cWW,C-G,1,1,TWOWAY.1CSL.2-3.GGGC-GGUAC.0.pdb,,,
GGUAC_GGGC,C,15,WC,cWW,C-G,1,1,TWOWAY.1CSL.2-3.GGGC-GGUAC.0.pdb,,,
GGUAC_GGGC,A,6,NON-WC,cWW,A-G,2,1,TWOWAY.1DUQ.2-3.GGGC-GGUAC.0.pdb,,,
GGUAC_GGGC,C,7,WC,cWW,C-G,1,1,TWOWAY.1DUQ.2-3.GGGC-GGUAC.0.pdb,,,
GGUAC_GGGC,C,15,WC,cWW,C-G,1,1,TWOWAY.1DUQ.2-3.GGGC-GGUAC.0.pdb,,,
GGUAC_GGGC,A,6,NON-WC,cSH,A-G,2,1,TWOWAY.1DUQ.2-3.GGGC-GGUAC.1.pdb,,,
GGUAC_GGGC,C,7,WC,cWW,C-G,1,1,TWOWAY.1DUQ.2-3.GGGC-GGUAC.1.pdb,,,
GGUAC_GGGC,C,15,WC,cWW,C-G,1,1,TWOWAY.1DUQ.2-3.GGGC-GGUAC.1.pdb,,,
GGUAC_GGGC,A,6,NON-WC,cWW,A-G,2,1,TWOWAY.1DUQ.2-3.GGGC-GGUAC.2.pdb,,,
GGUAC_GGGC,C,7,WC,cWW,C-G,1,1,TWOWAY.1DUQ.2-3.GGGC-GGUAC.2.pdb,,,
GGUAC_GGGC,C,15,WC,cWW,C-G,1,1,TWOWAY.1DUQ.2-3.GGGC-GGUAC.2.pdb,,,
GGUAC_GGGC,A,6,NON-WC,cSH,A-G,2,1,TWOWAY.1DUQ.2-3.GGGC-GGUAC.3.pdb,,,
GGUAC_GGGC,C,7,WC,cWW,C-G,1,1,TWOWAY.1DUQ.2-3.GGGC-GGUAC.3.pdb,,,
GGUAC_GGGC,C,15,WC,cWW,C-G,1,1,TWOWAY.1DUQ.2-3.GGGC-GGUAC.3.pdb,,,
GGGU_GAC,A,12,NON-WC,cWW,A-G,1,1,TWOWAY.6N7R.1-2.GAC-GGGU.0.pdb,,,
GGGU_GAC,C,13,WC,cWW,C-G,1,1,TWOWAY.6N7R.1-2.GAC-GGGU.0.pdb,,,
GUA_UCC,A,5,WC,cWW,A-U,1,1,TWOWAY.6SPB.1-1.UCC-GUA.0.pdb,,,
GUA_UCC,C,11,NON-WC,cWW,C-U,1,1,TWOWAY.6SPB.1-1.UCC-GUA.0.pdb,,,
GUA_UCC,C,12,WC,cWW,C-G,1,1,TWOWAY.6SPB.1-1.UCC-GUA.0.pdb,,,
GUAAC_GCCC,A,5,NON-WC,lone,-,0,0,TWOWAY.3LOA.2-3.GCCC-GUAAC.0.pdb,,,
GUAAC_GCCC,A,6,NON-WC,cWW,A-C,1,1,TWOWAY.3LOA.2-3.GCCC-GUAAC.0.pdb,,,
GUAAC_GCCC,C,7,WC,cWW,C-G,1,1,TWOWAY.3LOA.2-3.GCCC-GUAAC.0.pdb,,,
GUAAC_GCCC,C,13,NON-WC,cWW,C-A,1,1,TWOWAY.3LOA.2-3.GCCC-GUAAC.0.pdb,,,
GUAAC_GCCC,C,14,NON-WC,cWS,C-U,1,1,TWOWAY.3LOA.2-3.GCCC-GUAAC.0.pdb,,,
GUAAC_GCCC,C,15,WC,cWW,C-G,1,1,TWOWAY.3LOA.2-3.GCCC-GUAAC.0.pdb,,,
GUAAG_UAUC,A,5,NON-WC,tWW,A-A,1,1,TWOWAY.6SPB.3-2.GUAAG-UAUC.0.pdb,,,
GUAAG_UAUC,A,6,NON-WC,lone_flipped_out,-,0,0,TWOWAY.6SPB.3-2.GUAAG-UAUC.0.pdb,,,
GUAAG_UAUC,A,13,NON-WC,tWW,A-A,1,1,TWOWAY.6SPB.3-2.GUAAG-UAUC.0.pdb,,,
GUAAG_UAUC,C,15,WC,cWW,C-G,1,1,TWOWAY.6SPB.3-2.GUAAG-UAUC.0.pdb,,,
GUAAG_UAUC,A,5,NON-WC,tWW,A-A,1,1,TWOWAY.6YS3.3-2.GUAAG-UAUC.0.pdb,,,
GUAAG_UAUC,A,6,NON-WC,lone_flipped_out,-,0,0,TWOWAY.6YS3.3-2.GUAAG-UAUC.0.pdb,,,
GUAAG_UAUC,A,13,NON-WC,tWW,A-A,1,1,TWOWAY.6YS3.3-2.GUAAG-UAUC.0.pdb,,,
GUAAG_UAUC,C,15,WC,cWW,C-G,1,1,TWOWAY.6YS3.3-2.GUAAG-UAUC.0.pdb,,,
GUUCG_CC,C,6,NON-WC,lone_flipped_out,-,0,0,TWOWAY.1R3E.0-3.CC-GUUCG.0.pdb,,,
GUUCG_CC,C,12,WC,cWW,C-G,1,1,TWOWAY.1R3E.0-3.CC-GUUCG.0.pdb,,,
GUUCG_CC,C,13,WC,cWW,C-G,1,1,TWOWAY.1R3E.0-3.CC-GUUCG.0.pdb,,,
GUUCG_CC,C,6,NON-WC,lone_flipped_out,-,0,0,TWOWAY.1R3E.3-0.GUUCG-CC.0.pdb,,,
GUUCG_CC,C,12,WC,cWW,C-G,1,1,TWOWAY.1R3E.3-0.GUUCG-CC.0.pdb,,,
GUUCG_CC,C,13,WC,cWW,C-G,1,1,TWOWAY.1R3E.3-0.GUUCG-CC.0.pdb,,,
UAA_UA,A,11,WC,cWW,A-U,1,1,NWAY.1I9X.-1--1-1.A-U-UAA.0.pdb,,,
UAA_UA,A,4,NON-WC,lone_flipped_out,-,2,0,NWAY.1I9X.-1--1-1.A-U-UAA.0.pdb,,,
UAA_UA,A,5,WC,cWW,A-U,1,1,NWAY.1I9X.-1--1-1.A-U-UAA.0.pdb,,,
UAA_UA,A,11,WC,cWW,A-U,1,1,NWAY.1I9X.1--1--1.UAA-A-U.0.pdb,,,
UAA_UA,A,4,NON-WC,lone_flipped_out,-,2,0,NWAY.1I9X.1--1--1.UAA-A-U.0.pdb,,,
UAA_UA,A,5,WC,cWW,A-U,1,1,NWAY.1I9X.1--1--1.UAA-A-U.0.pdb,,,
UAA_UA,A,11,WC,cWW,A-U,1,1,TWOWAY.5O5J.0-1.UA-UAA.0.pdb,,,
UAA_UA,A,4,NON-WC,cSH,A-A,2,1,TWOWAY.5O5J.0-1.UA-UAA.0.pdb,,,
UAA_UA,A,5,WC,cSH,A-A,1,2,TWOWAY.5O5J.0-1.UA-UAA.0.pdb,,,
UAA_UA,A,5,WC,cWW,A-U,1,2,TWOWAY.5O5J.0-1.UA-UAA.0.pdb,,,
UAA_UAG,A,4,NON-WC,tSH,A-A,1,1,TWOWAY.6NEQ.1-1.UAG-UAA.0.pdb,,,
UAA_UAG,A,5,WC,cWW,A-U,1,1,TWOWAY.6NEQ.1-1.UAG-UAA.0.pdb,,,
UAA_UAG,A,11,NON-WC,tSH,A-A,1,1,TWOWAY.6NEQ.1-1.UAG-UAA.0.pdb,,,
UAA_UG,A,4,NON-WC,cSH,A-A,1,1,TWOWAY.6SWD.1-0.UAA-UG.0.pdb,,,
UAA_UG,A,5,WC,cWW,A-U,1,2,TWOWAY.6SWD.1-0.UAA-UG.0.pdb,,,
UAA_UG,A,5,WC,cSH,A-A,1,2,TWOWAY.6SWD.1-0.UAA-UG.0.pdb,,,
UAAC_GAG,A,12,NON-WC,lone_flipped_in,-,0,0,TWOWAY.5O5J.2-1.UAAC-GAG.0.pdb,,,
UAAC_GAG,A,4,NON-WC,lone_flipped_out,-,0,0,TWOWAY.5O5J.2-1.UAAC-GAG.0.pdb,,,
UAAC_GAG,A,5,NON-WC,lone_flipped_out,-,0,0,TWOWAY.5O5J.2-1.UAAC-GAG.0.pdb,,,
UAAC_GAG,C,6,WC,cWW,C-G,1,1,TWOWAY.5O5J.2-1.UAAC-GAG.0.pdb,,,
UAAG_CA,A,4,NON-WC,lone_flipped_in,-,0,0,TWOWAY.4R4V.2-0.UAAG-CA.0.pdb,,,
UAAG_CA,A,5,NON-WC,lone_flipped_out,-,0,0,TWOWAY.4R4V.2-0.UAAG-CA.0.pdb,,,
UAAG_CA,A,12,WC,cWW,A-U,1,1,TWOWAY.4R4V.2-0.UAAG-CA.0.pdb,,,
UAAG_CA,C,11,WC,cWW,C-G,1,1,TWOWAY.4R4V.2-0.UAAG-CA.0.pdb,,,
UAAG_CAA,A,12,NON-WC,tWW,A-A,1,1,TWOWAY.6N7R.1-2.CAA-UAAG.0.pdb,,,
UAAG_CAA,A,13,WC,cWW,A-U,1,1,TWOWAY.6N7R.1-2.CAA-UAAG.0.pdb,,,
UAAG_CAA,A,4,NON-WC,tWW,A-A,1,1,TWOWAY.6N7R.1-2.CAA-UAAG.0.pdb,,,
UAAG_CAA,A,5,NON-WC,lone_flipped_out,-,0,0,TWOWAY.6N7R.1-2.CAA-UAAG.0.pdb,,,
UAAG_CAA,C,11,WC,cWW,C-G,1,1,TWOWAY.6N7R.1-2.CAA-UAAG.0.pdb,,,
UAAU_AA,A,4,NON-WC,lone_flipped_out,-,0,0,TWOWAY.3RW6.2-0.UAAU-AA.1.pdb,,,
UAAU_AA,A,5,NON-WC,lone_flipped_out,-,0,0,TWOWAY.3RW6.2-0.UAAU-AA.1.pdb,,,
UAAU_AA,A,11,WC,cWW,A-U,1,1,TWOWAY.3RW6.2-0.UAAU-AA.1.pdb,,,
UAAU_AA,A,12,WC,cWW,A-U,1,1,TWOWAY.3RW6.2-0.UAAU-AA.1.pdb,,,
UAAU_AG,A,4,NON-WC,lone_flipped_out,-,0,0,TWOWAY.3RW6.0-2.AG-UAAU.1.pdb,,,
UAAU_AG,A,5,NON-WC,tSH,A-G,1,1,TWOWAY.3RW6.0-2.AG-UAAU.1.pdb,,,
UAAU_AG,A,11,WC,cWW,A-U,1,1,TWOWAY.3RW6.0-2.AG-UAAU.1.pdb,,,
UAC_GA,A,4,NON-WC,lone_flipped_out,-,0,0,TWOWAY.1JZV.0-1.GA-UAC.0.pdb,,,
UAC_GA,A,11,WC,cWW,A-U,1,1,TWOWAY.1JZV.0-1.GA-UAC.0.pdb,,,
UAC_GA,C,5,WC,cWW,C-G,1,1,TWOWAY.1JZV.0-1.GA-UAC.0.pdb,,,
UAC_GA,A,4,NON-WC,lone_flipped_out,-,0,0,TWOWAY.1JZV.0-1.GA-UAC.1.pdb,,,
UAC_GA,A,11,WC,cWW,A-U,1,1,TWOWAY.1JZV.0-1.GA-UAC.1.pdb,,,
UAC_GA,C,5,WC,cWW,C-G,1,1,TWOWAY.1JZV.0-1.GA-UAC.1.pdb,,,
UAC_GA,A,4,NON-WC,lone_flipped_out,-,0,0,TWOWAY.5O5J.1-0.UAC-GA.0.pdb,,,
UAC_GA,A,11,WC,cWW,A-U,1,1,TWOWAY.5O5J.1-0.UAC-GA.0.pdb,,,
UAC_GA,C,5,WC,cWW,C-G,1,1,TWOWAY.5O5J.1-0.UAC-GA.0.pdb,,,
UAC_GA,A,4,NON-WC,lone_flipped_out,-,0,0,TWOWAY.6N7R.0-1.GA-UAC.0.pdb,,,
UAC_GA,A,11,WC,cWW,A-U,1,1,TWOWAY.6N7R.0-1.GA-UAC.0.pdb,,,
UAC_GA,C,5,WC,cWW,C-G,1,1,TWOWAY.6N7R.0-1.GA-UAC.0.pdb,,,
UAC_GA,A,4,NON-WC,lone_flipped_out,-,0,0,TWOWAY.6ZVI.0-1.GA-UAC.0.pdb,,,
UAC_GA,A,11,WC,cWW,A-U,1,1,TWOWAY.6ZVI.0-1.GA-UAC.0.pdb,,,
UAC_GA,C,5,WC,cWW,C-G,1,1,TWOWAY.6ZVI.0-1.GA-UAC.0.pdb,,,
UAC_GG,A,4,NON-WC,tSH,A-C,1,1,TWOWAY.4IOA.1-0.UAC-GG.0.pdb,,,
UAC_GG,C,5,WC,cWW,C-G,1,2,TWOWAY.4IOA.1-0.UAC-GG.0.pdb,,,
UAC_GG,C,5,WC,tSH,C-A,1,2,TWOWAY.4IOA.1-0.UAC-GG.0.pdb,,,
UACA_UUAA,A,4,NON-WC,cWW,A-U,1,2,TWOWAY.6ZVI.2-2.UACA-UUAA.0.pdb,,,
UACA_UUAA,A,4,NON-WC,tSH,A-A,1,2,TWOWAY.6ZVI.2-2.UACA-UUAA.0.pdb,,,
UACA_UUAA,C,5,NON-WC,tSH,C-U,1,1,TWOWAY.6ZVI.2-2.UACA-UUAA.0.pdb,,,
UACA_UUAA,A,6,WC,cWW,A-U,1,1,TWOWAY.6ZVI.2-2.UACA-UUAA.0.pdb,,,
UACA_UUAA,A,13,NON-WC,tSH,A-A,1,1,TWOWAY.6ZVI.2-2.UACA-UUAA.0.pdb,,,
UACA_UUAA,A,14,WC,cWW,A-U,1,1,TWOWAY.6ZVI.2-2.UACA-UUAA.0.pdb,,,
UACC_GA,A,4,NON-WC,lone_flipped_out,-,1,1,TWOWAY.1NJP.0-2.GA-UACC.0.pdb,,,
UACC_GA,A,12,WC,cWW,A-U,1,1,TWOWAY.1NJP.0-2.GA-UACC.0.pdb,,,
UACC_GA,C,5,NON-WC,cSH,C-U,1,1,TWOWAY.1NJP.0-2.GA-UACC.0.pdb,,,
UACC_GA,C,6,WC,cWW,C-G,1,1,TWOWAY.1NJP.0-2.GA-UACC.0.pdb,,,
UACC_GA,A,4,NON-WC,lone_flipped_out,-,1,1,TWOWAY.4IOA.0-2.GA-UACC.0.pdb,,,
UACC_GA,A,12,WC,cWW,A-U,1,1,TWOWAY.4IOA.0-2.GA-UACC.0.pdb,,,
UACC_GA,C,5,NON-WC,cSH,C-U,1,1,TWOWAY.4IOA.0-2.GA-UACC.0.pdb,,,
UACC_GA,C,6,WC,cWW,C-G,1,1,TWOWAY.4IOA.0-2.GA-UACC.0.pdb,,,
UACU_AA,A,4,NON-WC,lone_flipped_out,-,0,0,TWOWAY.6SPB.0-2.AA-UACU.0.pdb,,,
UACU_AA,A,11,WC,cWW,A-U,1,1,TWOWAY.6SPB.0-2.AA-UACU.0.pdb,,,
UACU_AA,A,12,WC,cWW,A-U,1,1,TWOWAY.6SPB.0-2.AA-UACU.0.pdb,,,
UACU_AA,C,5,NON-WC,cSH,C-U,1,1,TWOWAY.6SPB.0-2.AA-UACU.0.pdb,,,
UAG_CA,A,11,WC,cWW,A-U,1,2,TWOWAY.2QWY.0-1.CA-UAG.0.pdb,,,
UAG_CA,A,11,WC,tSH,A-A,1,2,TWOWAY.2QWY.0-1.CA-UAG.0.pdb,,,
UAG_CA,A,4,NON-WC,tSH,A-A,2,1,TWOWAY.2QWY.0-1.CA-UAG.0.pdb,,,
UAG_CA,C,10,WC,cWW,C-G,1,1,TWOWAY.2QWY.0-1.CA-UAG.0.pdb,,,
UAG_CA,A,11,WC,cWW,A-U,1,1,TWOWAY.4R4V.0-1.CA-UAG.0.pdb,,,
UAG_CA,A,4,NON-WC,lone_flipped_out,-,2,0,TWOWAY.4R4V.0-1.CA-UAG.0.pdb,,,
UAG_CA,C,10,WC,cWW,C-G,1,1,TWOWAY.4R4V.0-1.CA-UAG.0.pdb,,,
UAG_CG,A,4,NON-WC,lone_flipped_out,-,0,0,TWOWAY.6SPB.1-0.UAG-CG.0.pdb,,,
UAG_CG,C,10,WC,cWW,C-G,1,1,TWOWAY.6SPB.1-0.UAG-CG.0.pdb,,,
UAG_UCA,A,4,NON-WC,cWW,A-C,1,1,TWOWAY.5XXU.1-1.UAG-UCA.0.pdb,,,
UAG_UCA,A,12,WC,cWW,A-U,1,1,TWOWAY.5XXU.1-1.UAG-UCA.0.pdb,,,
UAG_UCA,C,11,NON-WC,cWW,C-A,1,1,TWOWAY.5XXU.1-1.UAG-UCA.0.pdb,,,
UAUGUAG_UGAAA,A,4,NON-WC,tWW,A-A,1,1,TWOWAY.6YS3.5-3.UAUGUAG-UGAAA.0.pdb,,,
UAUGUAG_UGAAA,A,8,NON-WC,tSH,A-G,1,1,TWOWAY.6YS3.5-3.UAUGUAG-UGAAA.0.pdb,,,
UAUGUAG_UGAAA,A,16,NON-WC,cWH,A-U,1,1,TWOWAY.6YS3.5-3.UAUGUAG-UGAAA.0.pdb,,,
UAUGUAG_UGAAA,A,17,NON-WC,tWW,A-A,1,1,TWOWAY.6YS3.5-3.UAUGUAG-UGAAA.0.pdb,,,
UAUGUAG_UGAAA,A,18,WC,cWW,A-U,1,1,TWOWAY.6YS3.5-3.UAUGUAG-UGAAA.0.pdb,,,
UAUUGG_CAGG,A,4,NON-WC,lone_flipped_in,-,0,0,TWOWAY.3CUL.2-4.CAGG-UAUUGG.0.pdb,,,
UAUUGG_CAGG,A,14,NON-WC,cWW,A-G,1,1,TWOWAY.3CUL.2-4.CAGG-UAUUGG.0.pdb,,,
UAUUGG_CAGG,C,13,WC,cWW,C-G,1,1,TWOWAY.3CUL.2-4.CAGG-UAUUGG.0.pdb,,,
UAUUGG_CAGG,A,4,NON-WC,lone_flipped_in,-,0,0,TWOWAY.3CUL.2-4.CAGG-UAUUGG.1.pdb,,,
UAUUGG_CAGG,A,14,NON-WC,cWW,A-G,1,1,TWOWAY.3CUL.2-4.CAGG-UAUUGG.1.pdb,,,
UAUUGG_CAGG,C,13,WC,cWW,C-G,1,1,TWOWAY.3CUL.2-4.CAGG-UAUUGG.1.pdb,,,
UCA_UA,A,5,WC,cWW,A-U,1,1,TWOWAY.3J7A.1-0.UCA-UA.0.pdb,,,
UCA_UA,A,11,WC,cWW,A-U,1,1,TWOWAY.3J7A.1-0.UCA-UA.0.pdb,,,
UCA_UA,C,4,NON-WC,lone_flipped_out,-,0,0,TWOWAY.3J7A.1-0.UCA-UA.0.pdb,,,
UCA_UA,A,5,WC,cWW,A-U,1,1,TWOWAY.6AZ1.1-0.UCA-UA.0.pdb,,,
UCA_UA,A,11,WC,cWW,A-U,1,1,TWOWAY.6AZ1.1-0.UCA-UA.0.pdb,,,
UCA_UA,C,4,NON-WC,lone_flipped_out,-,0,0,TWOWAY.6AZ1.1-0.UCA-UA.0.pdb,,,
UCA_UA,A,5,WC,cWW,A-U,1,1,TWOWAY.6OKK.1-0.UCA-UA.0.pdb,,,
UCA_UA,A,11,WC,cWW,A-U,1,1,TWOWAY.6OKK.1-0.UCA-UA.0.pdb,,,
UCA_UA,C,4,NON-WC,lone_flipped_out,-,0,0,TWOWAY.6OKK.1-0.UCA-UA.0.pdb,,,
UCACAG_UCACAG,A,5,NON-WC,cWH,A-C,1,1,TWOWAY.1KD4.4-4.UCACAG-UCACAG.0.pdb,,,
UCACAG_UCACAG,A,7,NON-WC,tSH,A-C,1,1,TWOWAY.1KD4.4-4.UCACAG-UCACAG.0.pdb,,,
UCACAG_UCACAG,A,15,NON-WC,cWH,A-C,1,1,TWOWAY.1KD4.4-4.UCACAG-UCACAG.0.pdb,,,
UCACAG_UCACAG,A,17,NON-WC,tSH,A-C,1,1,TWOWAY.1KD4.4-4.UCACAG-UCACAG.0.pdb,,,
UCACAG_UCACAG,C,4,NON-WC,tSH,C-A,1,1,TWOWAY.1KD4.4-4.UCACAG-UCACAG.0.pdb,,,
UCACAG_UCACAG,C,6,NON-WC,cWH,C-A,1,1,TWOWAY.1KD4.4-4.UCACAG-UCACAG.0.pdb,,,
UCACAG_UCACAG,C,14,NON-WC,tSH,C-A,1,1,TWOWAY.1KD4.4-4.UCACAG-UCACAG.0.pdb,,,
UCACAG_UCACAG,C,16,NON-WC,cWH,C-A,1,1,TWOWAY.1KD4.4-4.UCACAG-UCACAG.0.pdb,,,
UCACAG_UCACAG,A,5,NON-WC,cWH,A-C,1,1,TWOWAY.1KD5.4-4.UCACAG-UCACAG.0.pdb,,,
UCACAG_UCACAG,A,7,NON-WC,tSH,A-C,1,1,TWOWAY.1KD5.4-4.UCACAG-UCACAG.0.pdb,,,
UCACAG_UCACAG,A,15,NON-WC,cWH,A-C,1,1,TWOWAY.1KD5.4-4.UCACAG-UCACAG.0.pdb,,,
UCACAG_UCACAG,A,17,NON-WC,tSH,A-C,1,1,TWOWAY.1KD5.4-4.UCACAG-UCACAG.0.pdb,,,
UCACAG_UCACAG,C,4,NON-WC,tSH,C-A,1,1,TWOWAY.1KD5.4-4.UCACAG-UCACAG.0.pdb,,,
UCACAG_UCACAG,C,6,NON-WC,cWH,C-A,1,1,TWOWAY.1KD5.4-4.UCACAG-UCACAG.0.pdb,,,
UCACAG_UCACAG,C,14,NON-WC,tSH,C-A,1,1,TWOWAY.1KD5.4-4.UCACAG-UCACAG.0.pdb,,,
UCACAG_UCACAG,C,16,NON-WC,cWH,C-A,1,1,TWOWAY.1KD5.4-4.UCACAG-UCACAG.0.pdb,,,
UCC_GA,A,11,WC,cWW,A-U,1,1,NWAY.6YS3.-1-1--1.G-UCC-A.0.pdb,,,
UCC_GA,C,4,NON-WC,cSH,C-U,1,1,NWAY.6YS3.-1-1--1.G-UCC-A.0.pdb,,,
UCC_GA,C,5,WC,cWW,C-G,1,1,NWAY.6YS3.-1-1--1.G-UCC-A.0.pdb,,,
UCC_GA,A,11,WC,cWW,A-U,1,1,TWOWAY.6YSI.1-0.UCC-GA.0.pdb,,,
UCC_GA,C,4,NON-WC,cSH,C-U,1,1,TWOWAY.6YSI.1-0.UCC-GA.0.pdb,,,
UCC_GA,C,5,WC,cWW,C-G,1,1,TWOWAY.6YSI.1-0.UCC-GA.0.pdb,,,
UCG_CA,A,11,WC,cWW,A-U,1,1,TWOWAY.1DQF.0-1.CA-UCG.0.pdb,,,
UCG_CA,C,4,NON-WC,lone_flipped_out,-,0,0,TWOWAY.1DQF.0-1.CA-UCG.0.pdb,,,
UCG_CA,C,10,WC,cWW,C-G,1,1,TWOWAY.1DQF.0-1.CA-UCG.0.pdb,,,
UCG_CA,A,11,WC,cWW,A-U,1,1,TWOWAY.1DQH.0-1.CA-UCG.0.pdb,,,
UCG_CA,C,4,NON-WC,lone_flipped_out,-,0,0,TWOWAY.1DQH.0-1.CA-UCG.0.pdb,,,
UCG_CA,C,10,WC,cWW,C-G,1,1,TWOWAY.1DQH.0-1.CA-UCG.0.pdb,,,
UCG_CA,A,11,WC,cWW,A-U,1,1,TWOWAY.5XYM.1-0.UCG-CA.0.pdb,,,
UCG_CA,C,4,NON-WC,lone_flipped_out,-,0,0,TWOWAY.5XYM.1-0.UCG-CA.0.pdb,,,
UCG_CA,C,10,WC,cWW,C-G,1,1,TWOWAY.5XYM.1-0.UCG-CA.0.pdb,,,
UCG_CA,A,11,WC,cWW,A-U,1,1,TWOWAY.6ZYM.0-1.CA-UCG.0.pdb,,,
UCG_CA,C,4,NON-WC,lone_flipped_out,-,0,0,TWOWAY.6ZYM.0-1.CA-UCG.0.pdb,,,
UCG_CA,C,10,WC,cWW,C-G,1,1,TWOWAY.6ZYM.0-1.CA-UCG.0.pdb,,,
UGAGG_UGGAG,A,15,NON-WC,tSH,A-G,1,1,TWOWAY.6YS3.3-3.UGAGG-UGGAG.0.pdb,,,
UGAGG_UGGAG,A,5,NON-WC,tSH,A-G,1,1,TWOWAY.6YS3.3-3.UGAGG-UGGAG.0.pdb,,,
UGCAG_CAA,A,6,NON-WC,lone_flipped_in,-,0,0,TWOWAY.4RUM.1-3.CAA-UGCAG.0.pdb,,,
UGCAG_CAA,A,13,NON-WC,lone_flipped_in,-,0,0,TWOWAY.4RUM.1-3.CAA-UGCAG.0.pdb,,,
UGCAG_CAA,A,14,WC,cWW,A-U,1,1,TWOWAY.4RUM.1-3.CAA-UGCAG.0.pdb,,,
UGCAG_CAA,C,5,NON-WC,lone_flipped_out,-,0,0,TWOWAY.4RUM.1-3.CAA-UGCAG.0.pdb,,,
UGCAG_CAA,C,12,WC,cWW,C-G,1,2,TWOWAY.4RUM.1-3.CAA-UGCAG.0.pdb,,,
UGCAG_CAA,C,12,WC,base triple,C-G-G,1,2,TWOWAY.4RUM.1-3.CAA-UGCAG.0.pdb,,,
UGGC_GAG,A,12,NON-WC,tSH,A-G,1,1,TWOWAY.5O5J.2-1.UGGC-GAG.0.pdb,,,
UGGC_GAG,C,6,WC,cWW,C-G,1,1,TWOWAY.5O5J.2-1.UGGC-GAG.0.pdb,,,
UGGG_CAA,A,12,NON-WC,tSH,A-G,1,1,TWOWAY.5XYM.1-2.CAA-UGGG.0.pdb,,,
UGGG_CAA,A,13,WC,cWW,A-U,1,1,TWOWAY.5XYM.1-2.CAA-UGGG.0.pdb,,,
UGGG_CAA,C,11,WC,cWW,C-G,1,1,TWOWAY.5XYM.1-2.CAA-UGGG.0.pdb,,,
UGGG_UAG,A,12,NON-WC,tSH,A-G,1,1,TWOWAY.6QKL.1-2.UAG-UGGG.0.pdb,,,
UGGG_UAG,A,12,NON-WC,tSH,A-G,1,1,TWOWAY.6SPB.1-2.UAG-UGGG.0.pdb,,,
UGGG_UAG,A,12,NON-WC,tSH,A-G,1,1,TWOWAY.6YS3.1-2.UAG-UGGG.0.pdb,,,
UGGGAUU_ACGAAG,A,14,WC,cWW,A-U,1,1,TWOWAY.6JXM.4-5.ACGAAG-UGGGAUU.0.pdb,,,
UGGGAUU_ACGAAG,A,17,NON-WC,lone_flipped_in,-,0,0,TWOWAY.6JXM.4-5.ACGAAG-UGGGAUU.0.pdb,,,
UGGGAUU_ACGAAG,A,18,NON-WC,tSH,A-G,1,1,TWOWAY.6JXM.4-5.ACGAAG-UGGGAUU.0.pdb,,,
UGGGAUU_ACGAAG,A,7,NON-WC,lone_flipped_in,-,0,0,TWOWAY.6JXM.4-5.ACGAAG-UGGGAUU.0.pdb,,,
UGGGAUU_ACGAAG,C,15,NON-WC,cWW,C-G,1,1,TWOWAY.6JXM.4-5.ACGAAG-UGGGAUU.0.pdb,,,
UGUUCG_CAG,A,14,NON-WC,cWW,A-U,1,1,TWOWAY.6CK5.1-4.CAG-UGUUCG.0.pdb,,,
UGUUCG_CAG,C,7,NON-WC,lone_flipped_out,-,0,1,TWOWAY.6CK5.1-4.CAG-UGUUCG.0.pdb,,,
UGUUCG_CAG,C,13,WC,cWW,C-G,1,2,TWOWAY.6CK5.1-4.CAG-UGUUCG.0.pdb,,,
UGUUCG_CAG,C,13,WC,base triple,C-G-G,1,2,TWOWAY.6CK5.1-4.CAG-UGUUCG.0.pdb,,,
UUAGUAC_GGAAUA,A,5,NON-WC,tHH,A-A,1,1,NWAY.1UN6.2-5-0.AAUA-UUAGUAC-GG.0.pdb,,,
UUAGUAC_GGAAUA,A,8,NON-WC,tSH,A-G,1,1,NWAY.1UN6.2-5-0.AAUA-UUAGUAC-GG.0.pdb,,,
UUAGUAC_GGAAUA,A,16,NON-WC,cWH,A-U,1,1,NWAY.1UN6.2-5-0.AAUA-UUAGUAC-GG.0.pdb,,,
UUAGUAC_GGAAUA,A,17,NON-WC,tHH,A-A,1,1,NWAY.1UN6.2-5-0.AAUA-UUAGUAC-GG.0.pdb,,,
UUAGUAC_GGAAUA,A,19,WC,cWW,A-U,1,1,NWAY.1UN6.2-5-0.AAUA-UUAGUAC-GG.0.pdb,,,
UUAGUAC_GGAAUA,C,9,WC,cWW,C-G,1,1,NWAY.1UN6.2-5-0.AAUA-UUAGUAC-GG.0.pdb,,,
UUAUC_GUG,A,5,NON-WC,lone_flipped_out,-,0,0,TWOWAY.6ZVI.1-3.GUG-UUAUC.0.pdb,,,
UUAUC_GUG,C,7,WC,cWW,C-G,1,1,TWOWAY.6ZVI.1-3.GUG-UUAUC.0.pdb,,,
UUAUUU_AUUCA,A,5,NON-WC,cWS,A-C,1,1,TWOWAY.6ZVI.4-3.UUAUUU-AUUCA.0.pdb,,,
UUAUUU_AUUCA,A,13,WC,cWW,A-U,1,1,TWOWAY.6ZVI.4-3.UUAUUU-AUUCA.0.pdb,,,
UUAUUU_AUUCA,A,17,WC,cWW,A-U,1,1,TWOWAY.6ZVI.4-3.UUAUUU-AUUCA.0.pdb,,,
UUAUUU_AUUCA,C,16,NON-WC,cWS,C-U,1,2,TWOWAY.6ZVI.4-3.UUAUUU-AUUCA.0.pdb,,,
UUAUUU_AUUCA,C,16,NON-WC,cWS,C-A,1,2,TWOWAY.6ZVI.4-3.UUAUUU-AUUCA.0.pdb,,,
UUCG_UUCG,C,5,NON-WC,cWW,C-U,1,1,NWAY.1QBP.-1-1-2.G-UUC-UUCG.0.pdb,,,
UUCG_UUCG,C,13,NON-WC,cWW,C-U,1,1,NWAY.1QBP.-1-1-2.G-UUC-UUCG.0.pdb,,,
UUCG_UUCG,C,5,NON-WC,cWW,C-U,1,1,NWAY.4ERD.0-0-0-0.UU-CG-UU-CG.0.pdb,,,
UUCG_UUCG,C,13,NON-WC,cWW,C-U,1,1,NWAY.4ERD.0-0-0-0.UU-CG-UU-CG.0.pdb,,,
UUCG_UUCG,C,5,NON-WC,cWW,C-U,1,1,NWAY.422D.-1-1-2.G-UUC-UUCG.0.pdb,,,
UUCG_UUCG,C,13,NON-WC,cWW,C-U,1,1,NWAY.422D.-1-1-2.G-UUC-UUCG.0.pdb,,,
UUCG_UUCG,C,5,NON-WC,cWW,C-U,1,1,TWOWAY.1ICG.2-2.UUCG-UUCG.0.pdb,,,
UUCG_UUCG,C,13,NON-WC,cWW,C-U,1,1,TWOWAY.1ICG.2-2.UUCG-UUCG.0.pdb,,,
UUCG_UUCG,C,5,NON-WC,cWW,C-U,1,1,TWOWAY.1QBP.2-2.UUCG-UUCG.0.pdb,,,
UUCG_UUCG,C,13,NON-WC,cWW,C-U,1,1,TWOWAY.1QBP.2-2.UUCG-UUCG.0.pdb,,,
UUCG_UUCG,C,5,NON-WC,cWW,C-U,1,1,TWOWAY.1QBP.2-2.UUCG-UUCG.1.pdb,,,
UUCG_UUCG,C,13,NON-WC,cWW,C-U,1,1,TWOWAY.1QBP.2-2.UUCG-UUCG.1.pdb,,,
UUCUA_UUCUA,A,7,WC,cWW,A-U,1,1,TWOWAY.5BTM.3-3.UUCUA-UUCUA.0.pdb,,,
UUCUA_UUCUA,A,16,WC,cWW,A-U,1,1,TWOWAY.5BTM.3-3.UUCUA-UUCUA.0.pdb,,,
UUCUA_UUCUA,C,5,NON-WC,cWW,C-C,1,1,TWOWAY.5BTM.3-3.UUCUA-UUCUA.0.pdb,,,
UUCUA_UUCUA,C,14,NON-WC,cWW,C-C,1,1,TWOWAY.5BTM.3-3.UUCUA-UUCUA.0.pdb,,,